Date,humidity,pressure,temperature,wind_direction,wind_speed,weather_desc_cat_var
2012-10-01,56.0,1012.0,288.564730141,261.0,6.0,1.0
2012-10-02,52.0,1012.0,289.95184126749996,267.0,5.0,1.0
2012-10-03,63.0,1015.0,290.03499999999997,95.0,3.0,1.0
2012-10-04,100.0,1017.5,290.735,40.0,2.0,3.0
2012-10-05,94.0,1020.0,293.9,45.0,1.5,3.0
2012-10-06,74.5,1017.0,292.345,255.0,2.0,1.0
2012-10-07,66.0,1011.0,291.38,210.0,4.0,1.0
2012-10-08,62.0,1017.0,283.95500000000004,305.0,2.0,2.0
2012-10-09,73.5,1022.5,282.745,310.0,3.0,2.5
2012-10-10,76.0,1022.0,283.94,45.0,3.5,1.0
2012-10-11,89.0,1013.0,288.44,49.0,5.0,2.0
2012-10-12,51.0,1020.5,285.13,290.0,6.0,1.0
2012-10-13,58.0,1020.0,284.49,239.0,4.0,2.0
2012-10-14,47.0,1030.5,280.18,110.0,3.0,2.0
2012-10-15,63.0,1023.0,285.185,220.0,5.0,1.0
2012-10-16,72.5,1009.0,290.775,190.0,4.0,1.0
2012-10-17,58.0,1007.5,286.70500000000004,300.0,4.5,1.0
2012-10-18,55.5,1014.0,281.275,306.0,2.0,1.0
2012-10-19,67.0,1016.0,283.5,140.0,2.0,1.0
2012-10-20,93.0,1011.0,290.84000000000003,150.0,5.0,4.0
2012-10-21,96.5,1006.0,289.172222222,142.5,3.0,2.0
2012-10-22,53.5,1013.0,285.27250000000004,281.0,5.0,2.0
2012-10-23,48.0,1017.0,285.475,290.0,5.0,2.0
2012-10-24,62.5,1019.0,287.5,225.0,1.0,1.5
2012-10-25,87.0,1020.0,286.865,50.0,3.0,3.0
2012-10-26,77.0,1024.0,287.08000000000004,75.0,3.0,3.0
2012-10-27,72.0,1023.0,288.47,60.0,2.0,1.0
2012-10-28,72.0,1017.0,289.71000000000004,60.0,3.0,1.0
2012-10-29,72.0,1012.0,287.475,50.0,8.0,1.0
2012-10-30,79.0,994.5,286.6,30.0,12.0,3.0
2012-10-31,71.0,990.5,285.905,170.0,10.5,4.0
2012-11-01,61.0,999.5,282.48,230.0,4.0,1.0
2012-11-02,67.5,1002.0,281.21500000000003,260.0,4.5,1.0
2012-11-03,63.0,1003.0,282.13,280.0,5.0,1.0
2012-11-04,65.0,1009.0,280.08,310.0,7.0,1.0
2012-11-05,67.5,1014.0,279.23,307.5,5.0,2.0
2012-11-06,66.0,1013.0,279.0666666665,346.0,4.0,2.0
2012-11-07,49.5,1022.0,275.28999999999996,40.0,4.0,1.5
2012-11-08,60.0,1014.5,275.665,40.0,7.0,1.0
2012-11-09,55.0,1008.0,276.125,340.0,6.0,2.0
2012-11-10,52.0,1016.0,278.725,320.0,6.0,2.0
2012-11-11,62.0,1025.0,280.33,284.0,2.0,1.0
2012-11-12,77.0,1029.0,284.0,191.0,3.0,2.0
2012-11-13,93.0,1031.0,283.735,170.0,2.0,2.0
2012-11-14,87.0,1025.0,283.125,305.0,5.0,2.5
2012-11-15,53.5,1032.0,278.02,30.0,5.0,1.0
2012-11-16,70.0,1013.0,279.18,26.0,4.0,1.0
2012-11-17,64.0,1026.0,279.53499999999997,58.0,3.0,1.0
2012-11-18,56.0,1034.5,276.15999999999997,10.0,3.0,2.0
2012-11-19,65.0,1037.0,277.33,40.0,3.0,1.5
2012-11-20,70.0,1033.0,277.585,45.0,4.0,1.0
2012-11-21,70.0,1023.0,277.925,45.0,2.0,1.0
2012-11-22,60.5,1022.0,278.315,45.0,2.0,1.0
2012-11-23,70.0,1024.0,277.78,40.0,2.0,2.0
2012-11-24,81.0,1018.0,278.27,170.0,1.0,1.0
2012-11-25,48.0,1006.5,278.885,294.5,7.0,1.0
2012-11-26,47.0,1012.5,275.6,290.0,6.5,1.0
2012-11-27,45.0,1016.5,275.54499999999996,260.0,5.0,1.0
2012-11-28,57.5,1024.0,274.885,40.0,3.0,1.5
2012-11-29,74.0,1023.0,275.21000000000004,325.0,4.0,1.0
2012-11-30,64.0,1013.0,276.47,268.5,5.0,2.0
2012-12-01,53.5,1027.5,275.96,60.0,4.0,1.0
2012-12-02,80.0,1031.0,277.11,59.0,6.0,1.0
2012-12-03,93.0,1028.5,277.67499999999995,50.0,2.0,3.0
2012-12-04,81.0,1021.0,282.05,230.0,3.0,2.0
2012-12-05,93.0,1025.0,281.895,60.0,2.5,3.0
2012-12-06,76.0,1016.0,284.32,310.0,6.0,1.0
2012-12-07,51.0,1025.5,274.67499999999995,320.0,4.0,1.0
2012-12-08,67.0,1023.0,273.03499999999997,190.0,2.0,1.0
2012-12-09,89.0,1013.0,281.88,267.5,1.0,4.0
2012-12-10,81.0,1021.5,280.21500000000003,65.0,3.0,3.0
2012-12-11,93.0,1010.5,281.21500000000003,70.0,2.0,3.0
2012-12-12,73.0,1009.5,281.09,280.0,3.0,1.0
2012-12-13,49.5,1027.0,277.27,335.0,3.0,1.0
2012-12-14,50.0,1030.0,275.44500000000005,30.0,2.0,1.0
2012-12-15,45.0,1025.5,274.42,220.0,3.0,1.0
2012-12-16,54.0,1024.0,275.895,70.0,3.0,1.0
2012-12-17,72.5,1020.0,279.62,85.0,4.0,1.0
2012-12-18,87.0,1012.0,278.855,50.0,6.0,3.5
2012-12-19,93.0,1000.0,280.67,70.0,5.0,3.0
2012-12-20,56.0,1005.5,279.71,300.0,8.0,1.0
2012-12-21,56.0,1020.0,277.095,110.0,3.0,1.0
2012-12-22,75.5,992.0,280.63,135.0,8.5,3.5
2012-12-23,59.5,996.5,276.08,275.0,8.0,1.0
2012-12-24,48.0,1012.0,275.90999999999997,270.0,6.0,1.0
2012-12-25,47.0,1017.0,274.385,265.0,3.0,1.0
2012-12-26,86.0,1016.0,274.95500000000004,188.0,4.0,3.0
2012-12-27,69.0,1024.0,272.91999999999996,45.0,5.0,1.0
2012-12-28,86.0,997.0,276.29,70.0,10.0,4.0
2012-12-29,59.0,1015.0,272.64,310.0,7.0,1.0
2012-12-30,66.5,1014.5,272.6675,67.5,3.0,1.0
2012-12-31,58.0,1011.0,272.61,310.0,8.5,1.0
2013-01-01,50.0,1021.0,271.675,260.0,5.5,1.0
2013-01-02,55.0,1012.0,276.6,260.0,6.5,1.0
2013-01-03,50.0,1016.0,270.78,317.5,6.0,1.0
2013-01-04,54.0,1021.5,270.9,310.0,4.5,1.0
2013-01-05,48.5,1018.0,273.7575,260.0,6.0,1.0
2013-01-06,47.0,1021.5,274.265,270.0,5.0,1.0
2013-01-07,51.0,1020.0,273.99,230.0,3.0,1.0
2013-01-08,52.0,1022.0,277.4,300.0,5.0,1.0
2013-01-09,52.0,1029.0,273.1,212.5,3.0,2.0
2013-01-10,57.0,1031.0,277.2176666665,240.0,3.0,1.0
2013-01-11,48.0,1030.5,279.88225,310.0,6.0,1.0
2013-01-12,62.0,1031.0,276.794,55.0,3.0,1.0
2013-01-13,93.0,1021.0,279.71500000000003,50.0,3.0,3.0
2013-01-14,93.0,1021.0,280.15,160.0,2.0,2.0
2013-01-15,93.0,1017.0,282.53499999999997,277.5,2.5,1.0
2013-01-16,60.0,1025.0,276.34,350.0,3.0,1.0
2013-01-17,86.0,1013.0,274.90325,65.0,3.0,3.0
2013-01-18,60.0,1014.5,276.28499999999997,295.0,4.0,1.0
2013-01-19,52.0,1023.0,271.985,325.0,5.0,1.0
2013-01-20,47.5,1028.5,272.52,217.5,5.0,1.0
2013-01-21,51.0,1009.0,279.055,225.0,5.0,1.0
2013-01-22,41.0,1017.5,271.935,300.0,3.0,1.0
2013-01-23,50.5,1017.0,267.70000000000005,291.0,7.5,1.0
2013-01-24,43.0,1023.0,263.6375,305.0,6.5,1.0
2013-01-25,44.0,1023.0,263.09000000000003,330.0,4.0,1.0
2013-01-26,49.5,1029.0,264.7025,305.0,6.0,2.0
2013-01-27,67.0,1021.0,266.1150833335,321.0,4.5,1.0
2013-01-28,57.0,1031.0,267.355,300.0,5.0,2.0
2013-01-29,94.0,1032.0,277.062,246.5,2.0,1.0
2013-01-30,86.0,1020.0,277.12683333350003,131.0,2.0,3.0
2013-01-31,97.0,1015.5,277.4075,60.0,2.5,-49.0
2013-02-01,73.0,1009.0,279.09,264.5,9.5,1.0
2013-02-02,42.0,1011.5,271.615,277.0,8.0,1.0
2013-02-03,47.0,1023.5,269.235,260.0,5.0,1.0
2013-02-04,73.0,1014.5,269.31500000000005,130.0,2.5,3.0
2013-02-05,49.0,1013.0,269.99,282.5,7.0,1.0
2013-02-06,79.5,1014.0,270.52,57.5,3.5,3.0
2013-02-07,55.5,1015.5,271.98249999999996,280.0,4.0,1.0
2013-02-08,38.5,1030.0,271.685,65.0,3.5,1.0
2013-02-09,80.0,1021.5,273.485,60.0,6.5,1.0
2013-02-10,72.5,1010.5,271.315,320.0,8.0,1.5
2013-02-11,45.0,1031.5,269.8575,321.0,3.0,1.5
2013-02-12,86.0,1021.0,273.9645,125.5,2.0,1.0
2013-02-13,52.0,1008.5,277.395,270.0,6.0,1.0
2013-02-14,51.0,1013.0,275.53999999999996,260.0,2.0,1.0
2013-02-15,69.0,1010.5,275.525,315.0,3.0,3.0
2013-02-16,64.5,1016.0,275.565,210.0,3.0,1.0
2013-02-17,64.5,1014.0,275.615,185.0,4.0,1.0
2013-02-18,42.0,1006.0,271.65,320.0,9.0,1.0
2013-02-19,44.0,1021.5,266.745,300.0,9.0,1.5
2013-02-20,51.0,1018.5,273.22249999999997,185.0,4.0,1.0
2013-02-21,47.0,1009.0,272.78499999999997,284.5,6.5,1.0
2013-02-22,46.0,1016.0,270.28499999999997,300.0,8.5,1.0
2013-02-23,61.0,1027.0,270.32500000000005,50.0,4.0,1.0
2013-02-24,89.5,1022.0,275.47,50.0,3.5,4.0
2013-02-25,86.0,1009.0,276.11525,316.5,5.5,1.0
2013-02-26,55.0,1018.0,274.65,310.0,4.0,1.0
2013-02-27,71.5,1024.0,277.25,50.0,3.5,1.0
2013-02-28,93.0,1008.0,278.68,65.0,6.5,4.0
2013-03-01,65.0,1002.0,279.46000000000004,260.0,2.5,1.0
2013-03-02,57.0,1004.0,278.07000000000005,315.0,5.0,1.0
2013-03-03,55.0,1008.0,275.845,320.0,6.0,1.0
2013-03-04,58.0,1006.5,272.9475,312.5,5.0,1.0
2013-03-05,50.5,1008.0,272.76,310.0,8.0,1.0
2013-03-06,56.5,1015.0,274.76250000000005,282.0,6.0,1.0
2013-03-07,61.0,1014.0,277.06,70.0,7.0,1.0
2013-03-08,69.0,1015.5,275.705,32.5,8.0,4.0
2013-03-09,80.0,1018.0,273.8583333335,350.0,6.0,3.0
2013-03-10,51.0,1023.0,277.225,350.0,4.5,1.5
2013-03-11,74.0,1027.0,277.86199999999997,60.0,2.0,1.0
2013-03-12,81.0,1025.0,278.49275,160.0,3.0,1.0
2013-03-13,88.0,1017.0,282.58000000000004,177.5,4.0,2.0
2013-03-14,65.0,1011.0,278.92,296.0,2.0,1.0
2013-03-15,42.0,1012.5,275.2025,298.5,6.5,1.0
2013-03-16,37.0,1013.5,274.515,299.5,4.0,1.0
2013-03-17,51.5,1010.0,275.6998333335,262.5,1.5,1.0
2013-03-18,53.5,1026.0,273.67499999999995,251.5,2.0,1.0
2013-03-19,46.0,1028.0,273.10125,111.0,1.0,1.5
2013-03-20,86.0,1011.5,274.995,60.0,5.0,3.0
2013-03-21,42.0,1020.5,276.6,270.0,2.5,2.0
2013-03-22,31.0,1016.5,275.14,312.5,2.0,1.0
2013-03-23,45.5,1017.5,273.80499999999995,293.0,2.0,1.0
2013-03-24,37.5,1022.5,276.095,291.5,3.0,1.5
2013-03-25,47.0,1013.0,276.79,289.0,2.0,2.0
2013-03-26,68.5,1003.0,276.53499999999997,50.0,2.0,1.0
2013-03-27,65.0,1005.0,276.34000000000003,300.0,2.0,1.0
2013-03-28,51.0,1011.5,279.015,302.5,2.0,2.0
2013-03-29,65.5,1015.0,279.485,311.5,2.0,2.0
2013-03-30,52.0,1019.5,280.67,310.0,2.0,1.0
2013-03-31,40.0,1020.0,280.54,286.5,1.0,2.0
2013-04-01,60.5,1018.0,281.255,155.0,1.0,2.0
2013-04-02,87.0,1005.0,280.8,240.0,4.0,3.0
2013-04-03,34.5,1014.0,276.65999999999997,302.0,6.0,1.0
2013-04-04,31.0,1019.0,276.525,295.0,7.0,1.0
2013-04-05,39.0,1025.0,276.79999999999995,280.0,4.0,1.5
2013-04-06,43.5,1014.5,280.265,210.0,4.0,1.0
2013-04-07,32.5,1022.5,279.58000000000004,320.0,6.0,1.0
2013-04-08,56.0,1025.0,279.44,180.0,4.0,1.0
2013-04-09,73.5,1016.5,284.51,167.5,2.5,1.0
2013-04-10,60.0,1014.0,288.395,155.0,3.0,1.0
2013-04-11,54.5,1013.0,290.875,60.0,3.0,1.0
2013-04-12,77.0,1013.0,287.225,92.5,3.0,2.0
2013-04-13,78.5,1013.5,279.235,70.0,8.0,3.0
2013-04-14,75.0,1011.0,278.80499999999995,185.0,3.5,1.0
2013-04-15,50.0,1016.5,283.575,225.0,4.0,1.0
2013-04-16,47.0,1026.0,282.675,55.0,3.0,1.0
2013-04-17,66.5,1028.0,283.015,165.0,3.0,1.0
2013-04-18,66.5,1021.5,289.09,180.0,3.0,1.0
2013-04-19,54.0,1026.0,285.375,135.0,3.0,1.0
2013-04-20,82.0,1015.0,287.43,170.0,3.5,1.0
2013-04-21,62.0,1011.5,285.875,270.0,6.0,1.0
2013-04-22,36.5,1033.5,281.405,325.0,5.0,1.0
2013-04-23,53.0,1037.0,280.975,75.0,5.0,1.0
2013-04-24,61.0,1029.0,279.57500000000005,50.0,6.0,1.0
2013-04-25,64.0,1018.0,283.03499999999997,195.0,4.0,1.0
2013-04-26,45.0,1020.5,286.345,298.5,5.0,1.0
2013-04-27,40.0,1027.0,285.805,205.0,3.0,1.0
2013-04-28,33.0,1029.0,286.39,30.0,2.0,1.0
2013-04-29,35.0,1026.0,286.95,170.0,3.0,1.0
2013-04-30,66.0,1023.0,285.72,160.0,4.0,4.0
2013-05-01,66.0,1024.5,285.21000000000004,115.0,3.5,1.0
2013-05-02,44.0,1030.0,285.68,50.0,3.5,1.0
2013-05-03,56.0,1030.5,286.28,70.0,2.0,1.0
2013-05-04,47.0,1030.0,286.975,75.0,5.0,1.0
2013-05-05,66.0,1026.0,284.11,160.0,3.5,1.0
2013-05-06,59.5,1025.0,283.445,80.0,4.0,1.0
2013-05-07,68.5,1024.0,283.775,80.0,3.0,1.0
2013-05-08,71.0,1021.0,287.27,60.0,3.0,1.0
2013-05-09,87.0,1018.0,289.65,60.0,4.0,3.0
2013-05-10,87.0,1014.0,286.92,55.0,3.0,2.5
2013-05-11,65.5,1014.0,290.75,220.0,2.0,1.0
2013-05-12,82.0,1010.0,290.99,180.0,4.0,3.0
2013-05-13,56.5,1006.0,289.92499999999995,270.0,5.0,1.0
2013-05-14,33.0,1016.0,284.28,280.0,6.0,1.0
2013-05-15,41.5,1019.0,282.71500000000003,310.0,5.0,1.0
2013-05-16,48.0,1017.0,286.17999999999995,182.5,3.0,1.0
2013-05-17,82.0,1008.0,292.105,210.0,0.0,1.0
2013-05-18,36.0,1017.0,291.575,290.5,1.0,2.0
2013-05-19,84.0,1025.0,288.82500000000005,216.5,0.0,1.0
2013-05-20,93.0,1026.0,287.20000000000005,150.0,1.5,3.0
2013-05-21,93.0,1019.0,287.695,75.0,1.0,1.0
2013-05-22,78.0,1014.0,295.39,187.5,1.0,1.0
2013-05-23,81.0,1012.0,295.155,80.0,2.0,3.0
2013-05-24,83.0,1011.0,294.775,165.0,2.0,1.0
2013-05-25,88.0,1008.5,290.305,275.0,3.0,3.0
2013-05-26,81.0,1012.5,281.41499999999996,320.0,4.0,1.0
2013-05-27,71.0,1016.0,284.12,286.5,3.0,2.0
2013-05-28,51.0,1023.0,288.095,249.0,1.0,2.0
2013-05-29,73.0,1022.0,288.005,87.0,0.0,2.0
2013-05-30,87.0,1019.0,287.94,55.0,1.0,1.0
2013-05-31,70.0,1019.0,299.02,219.0,0.0,2.0
2013-06-01,61.5,1018.5,300.33,160.5,0.5,2.0
2013-06-02,75.0,1015.0,300.035,169.0,0.0,1.5
2013-06-03,73.5,1011.5,299.715,193.5,1.0,2.0
2013-06-04,83.0,1010.0,295.57500000000005,180.0,2.0,3.0
2013-06-05,50.5,1015.0,293.03999999999996,293.0,2.0,2.0
2013-06-06,38.0,1020.0,292.595,135.0,1.0,2.0
2013-06-07,82.0,1019.0,290.72,135.0,1.0,1.0
2013-06-08,95.0,1012.0,289.20000000000005,135.0,1.5,3.0
2013-06-09,93.5,1008.0,288.945,241.5,1.0,4.0
2013-06-10,76.5,1019.5,294.53,256.5,1.0,2.0
2013-06-11,89.0,1019.0,292.45000000000005,135.0,1.0,3.0
2013-06-12,94.5,1006.0,293.13,225.0,1.5,3.0
2013-06-13,59.5,1008.0,294.925,291.0,2.0,2.0
2013-06-14,79.5,1007.0,290.685,133.5,1.0,3.0
2013-06-15,85.5,1005.5,287.995,178.0,1.0,4.0
2013-06-16,78.5,1013.0,294.28,309.5,1.0,4.0
2013-06-17,74.0,1014.0,293.33000000000004,219.5,1.0,4.0
2013-06-18,75.5,1011.0,297.755,218.0,1.0,4.0
2013-06-19,69.0,1011.0,295.8483333335,82.5,2.5,4.0
2013-06-20,79.5,1016.5,291.7358333335,144.0,2.0,4.0
2013-06-21,69.0,1023.0,293.227,191.0,2.0,4.0
2013-06-22,66.5,1025.0,295.4925,206.0,2.0,4.0
2013-06-23,62.5,1024.0,296.945,196.0,2.0,2.0
2013-06-24,65.0,1021.0,298.4,204.0,3.0,2.0
2013-06-25,74.5,1017.0,299.57,243.5,2.0,2.0
2013-06-26,77.0,1014.0,299.845,239.5,1.0,2.0
2013-06-27,70.0,1010.0,300.03499999999997,264.0,3.0,2.0
2013-06-28,94.5,1008.0,297.975,153.0,1.0,1.0
2013-06-29,88.0,999.0,297.24,211.5,1.0,4.0
2013-06-30,71.0,1001.0,296.85749999999996,200.0,3.0,1.0
2013-07-01,84.0,1009.0,297.125,179.0,2.0,1.0
2013-07-02,88.0,1014.0,296.9625,170.0,2.0,2.0
2013-07-03,88.0,1019.0,297.155,170.0,3.0,1.0
2013-07-04,83.0,1022.5,297.152,209.0,3.0,2.0
2013-07-05,81.5,1023.0,299.549,207.5,3.0,1.0
2013-07-06,74.5,1022.0,301.39,215.5,3.0,2.0
2013-07-07,68.0,1019.0,303.35,235.5,2.0,2.0
2013-07-08,72.0,1017.0,303.45500000000004,250.0,2.0,2.0
2013-07-09,70.0,1015.0,301.655,251.0,2.0,2.0
2013-07-10,75.0,1017.0,301.17,230.0,1.0,3.0
2013-07-11,78.5,1014.5,300.145,221.5,3.0,3.0
2013-07-12,81.0,1010.0,299.98,224.0,2.0,2.5
2013-07-13,76.5,1014.5,296.76,58.0,1.5,1.0
2013-07-14,88.0,1022.0,294.755,80.0,2.0,3.0
2013-07-15,85.5,1026.0,298.54499999999996,208.5,1.0,2.0
2013-07-16,78.0,1023.0,302.245,268.5,2.0,2.0
2013-07-17,69.0,1020.0,303.93,278.0,1.0,2.0
2013-07-18,69.0,1021.0,304.0175,119.5,1.0,2.0
2013-07-19,71.0,1017.0,303.69500000000005,256.0,2.0,2.0
2013-07-20,76.5,1014.0,305.13,310.0,1.5,2.0
2013-07-21,70.0,1008.5,303.7475,243.0,3.5,2.0
2013-07-22,72.5,1012.0,299.865,307.0,1.0,1.5
2013-07-23,88.0,1013.0,297.975,57.5,2.0,3.0
2013-07-24,86.5,1005.0,297.81399999999996,172.5,2.0,3.0
2013-07-25,77.5,1005.5,299.815,277.0,2.0,2.0
2013-07-26,71.0,1014.5,291.725,106.0,1.0,1.0
2013-07-27,74.5,1016.0,292.77,63.5,1.0,4.0
2013-07-28,76.5,1017.0,297.93,166.0,1.5,2.0
2013-07-29,86.5,1014.0,296.19000000000005,157.0,1.0,1.0
2013-07-30,94.0,1015.5,296.23,261.0,2.0,2.5
2013-07-31,66.5,1019.0,297.4,285.0,1.0,2.0
2013-08-01,74.0,1020.0,296.92650000000003,220.0,1.0,2.0
2013-08-02,86.0,1014.0,293.77,184.0,3.0,1.0
2013-08-03,88.0,1011.0,295.8325,301.5,1.5,2.0
2013-08-04,88.0,1012.0,295.14,239.0,2.0,1.0
2013-08-05,75.0,1012.0,295.4,282.5,2.0,2.0
2013-08-06,61.0,1015.5,295.405,326.0,3.0,2.0
2013-08-07,68.5,1018.0,295.195,145.5,1.0,1.5
2013-08-08,74.5,1019.0,294.9643333335,162.5,1.5,1.0
2013-08-09,89.5,981.0,295.555,186.0,3.0,4.0
2013-08-10,98.0,977.0,296.9275,195.0,3.0,4.0
2013-08-11,80.0,978.0,297.865,304.0,2.0,1.0
2013-08-12,64.0,982.0,296.305,282.5,1.5,1.5
2013-08-13,76.0,980.0,295.28499999999997,203.5,1.0,2.5
2013-08-14,92.5,977.5,294.145,212.0,2.0,2.0
2013-08-15,68.5,977.0,293.5125,323.5,3.0,2.0
2013-08-16,61.5,983.0,291.4433333335,308.0,2.0,2.0
2013-08-17,65.5,985.0,293.05,240.0,1.0,1.0
2013-08-18,61.5,987.0,294.85,196.5,1.0,1.0
2013-08-19,67.5,987.5,293.97,94.0,1.0,1.0
2013-08-20,72.0,983.0,293.39,247.0,2.0,1.0
2013-08-21,80.5,982.0,296.17,253.0,1.0,1.0
2013-08-22,70.0,984.5,297.74,221.0,1.0,2.0
2013-08-23,73.0,1016.0,296.525,215.0,3.0,3.0
2013-08-24,66.5,1014.0,295.66999999999996,246.0,4.0,2.0
2013-08-25,48.0,1025.0,294.27,50.0,4.0,2.0
2013-08-26,56.0,1026.0,293.32,243.0,2.0,2.0
2013-08-27,64.0,1024.0,295.244,253.0,3.5,4.0
2013-08-28,69.0,1012.5,297.7315,240.0,3.5,3.0
2013-08-29,78.0,1012.5,296.93,155.0,2.0,2.0
2013-08-30,80.5,1014.0,295.96000000000004,55.0,4.0,3.0
2013-08-31,74.5,1022.0,296.91625,205.0,3.0,1.0
2013-09-01,74.0,1023.0,299.559666667,197.0,2.5,1.0
2013-09-02,87.5,1008.0,297.37075,171.0,2.0,3.0
2013-09-03,94.0,1020.0,295.50133333350004,250.5,2.0,4.0
2013-09-04,71.0,1020.5,294.289,305.0,3.0,2.0
2013-09-05,54.0,1014.0,295.28499999999997,260.0,4.0,2.0
2013-09-06,62.0,986.5,290.05499999999995,18.5,2.0,2.0
2013-09-07,71.0,990.5,289.15,236.5,2.0,2.0
2013-09-08,74.0,1020.0,293.472,250.5,2.0,1.0
2013-09-09,71.0,1019.5,291.71000000000004,155.0,1.0,2.0
2013-09-10,78.5,1021.0,293.58000000000004,219.5,1.5,1.0
2013-09-11,72.0,1018.0,299.13,200.0,1.0,2.0
2013-09-12,70.5,980.0,300.4268333335,206.0,3.0,2.0
2013-09-13,79.0,970.5,293.375,324.5,3.0,3.5
2013-09-14,67.0,980.0,288.0625,332.0,2.0,2.0
2013-09-15,65.0,985.0,286.4,298.5,2.0,2.0
2013-09-16,74.5,982.5,288.8,225.0,2.0,1.0
2013-09-17,63.0,992.5,287.61,38.5,3.5,2.0
2013-09-18,69.0,991.5,285.29999999999995,169.0,0.5,2.0
2013-09-19,67.5,986.0,288.15,246.0,2.0,2.0
2013-09-20,79.5,983.0,289.5615,220.0,2.0,2.0
2013-09-21,81.5,980.0,291.1,185.0,2.5,3.0
2013-09-22,83.0,977.5,290.775,306.0,5.0,3.0
2013-09-23,75.0,1012.0,286.55,318.0,3.0,2.0
2013-09-24,80.0,1014.5,285.34749999999997,299.0,2.0,2.0
2013-09-25,86.0,1014.0,288.91499999999996,263.5,1.0,2.0
2013-09-26,88.5,1015.0,288.48,160.0,1.0,2.0
2013-09-27,76.5,1021.5,288.4,35.5,1.0,2.0
2013-09-28,71.5,989.0,289.54499999999996,110.5,1.0,2.0
2013-09-29,79.0,987.0,288.575,261.0,1.0,2.0
2013-09-30,82.5,992.0,287.41925000000003,179.5,1.5,2.0
2013-10-01,67.0,1015.0,289.48924999999997,252.5,2.0,2.0
2013-10-02,66.5,1002.5,293.04625,275.5,2.0,2.0
2013-10-03,64.0,1017.5,294.27316666649995,299.5,1.5,1.0
2013-10-04,57.0,1015.5,293.20000000000005,197.0,2.0,2.0
2013-10-05,82.0,983.0,293.24,38.0,2.0,2.5
2013-10-06,93.5,982.0,292.325,100.0,1.5,3.0
2013-10-07,93.5,1006.0,293.575,126.0,3.0,3.0
2013-10-08,79.0,1011.0,288.19500000000005,288.0,3.0,1.0
2013-10-09,69.5,991.0,286.5,43.0,3.0,1.0
2013-10-10,78.5,988.0,285.775,48.0,3.0,1.0
2013-10-11,81.0,983.0,289.205,40.5,4.0,4.0
2013-10-12,74.0,1020.0,291.2825,31.5,2.0,1.0
2013-10-13,80.0,1027.5,288.93,47.0,2.5,1.0
2013-10-14,85.5,1027.5,286.3886666665,83.0,1.0,2.0
2013-10-15,100.0,1023.0,285.52,68.5,1.0,2.0
2013-10-16,98.0,1018.5,287.265,65.0,1.0,1.0
2013-10-17,100.0,1012.0,289.34000000000003,207.0,1.0,1.0
2013-10-18,94.0,1008.0,291.12,272.5,2.5,4.0
2013-10-19,99.0,1014.0,286.26,265.5,1.0,1.0
2013-10-20,80.0,1012.5,286.07,267.0,3.0,2.0
2013-10-21,81.5,1019.5,283.88750000000005,244.0,3.0,2.0
2013-10-22,70.5,979.0,286.3,244.0,3.0,2.0
2013-10-23,76.5,984.0,284.1951666665,244.0,3.0,2.0
2013-10-24,70.0,976.0,280.95,244.0,3.0,2.0
2013-10-25,61.0,984.0,280.5565,244.0,3.0,2.0
2013-10-26,61.5,986.0,279.6,244.0,3.0,2.0
2013-10-27,70.5,1026.0,283.30899999999997,272.0,3.0,2.0
2013-10-28,84.5,1035.0,281.73366666649997,262.5,2.0,2.0
2013-10-29,83.0,1041.5,282.1639166665,38.0,3.0,1.0
2013-10-30,91.5,1039.0,282.5345833335,217.5,2.0,1.0
2013-10-31,90.0,1034.5,285.7325,191.5,2.0,1.0
2013-11-01,71.5,1016.5,292.62575000000004,208.5,6.0,2.5
2013-11-02,77.5,1018.0,287.948,251.5,1.0,1.0
2013-11-03,80.5,1028.5,282.142833333,332.5,4.0,1.0
2013-11-04,94.5,1048.5,277.531666667,25.5,4.0,2.0
2013-11-05,92.0,1050.0,279.69233333299997,97.5,2.0,1.0
2013-11-06,83.0,1028.5,282.1775,171.0,3.0,2.0
2013-11-07,77.0,1011.5,286.87,225.0,5.0,2.0
2013-11-08,52.0,1015.0,280.09000000000003,300.0,7.0,2.0
2013-11-09,45.0,1023.0,278.8,277.5,5.0,2.0
2013-11-10,52.5,1013.0,281.15,220.0,5.0,2.0
2013-11-11,42.0,1019.0,281.955,295.0,8.0,2.0
2013-11-12,44.0,1017.0,276.745,315.0,6.5,2.0
2013-11-13,48.5,1026.0,273.21500000000003,320.0,7.0,2.0
2013-11-14,39.0,1022.0,274.08,247.0,5.0,2.0
2013-11-15,35.5,1022.0,280.235,210.0,3.5,2.0
2013-11-16,58.5,1006.5,281.8,244.0,3.0,2.0
2013-11-17,87.0,1023.0,283.34000000000003,244.0,3.0,3.0
2013-11-18,80.0,1004.0,288.71000000000004,244.0,6.0,2.0
2013-11-19,45.0,1014.0,281.12,310.0,9.0,2.0
2013-11-20,48.0,998.0,275.45000000000005,244.0,3.0,2.0
2013-11-21,61.0,1000.0,273.5,244.0,3.0,2.0
2013-11-22,75.5,987.0,282.59000000000003,244.0,3.0,2.0
2013-11-23,61.5,978.0,280.0,244.0,3.0,2.0
2013-11-24,45.5,983.5,270.065,244.0,3.0,2.0
2013-11-25,45.0,994.5,268.67499999999995,244.0,3.0,2.0
2013-11-26,40.5,1026.0,277.375,210.0,4.0,2.0
2013-11-27,93.0,994.5,280.98,244.0,5.5,3.0
2013-11-28,48.5,1020.0,278.36,290.0,8.5,2.0
2013-11-29,43.0,1032.0,277.13,310.0,3.0,2.0
2013-11-30,49.5,1040.0,273.085,85.0,4.0,2.0
2013-12-01,64.0,1024.0,275.67999999999995,244.0,3.0,2.0
2013-12-02,72.5,1015.0,278.71000000000004,70.0,3.0,2.0
2013-12-03,80.0,1012.0,277.34000000000003,162.0,2.0,2.0
2013-12-04,69.5,1017.5,278.0,55.0,2.0,2.0
2013-12-05,87.0,1019.0,281.91999999999996,60.0,3.0,3.0
2013-12-06,87.0,1015.0,284.99,180.0,4.0,3.0
2013-12-07,77.0,1020.5,276.42499999999995,244.0,4.5,2.0
2013-12-08,61.0,997.5,275.375,244.0,3.0,2.0
2013-12-09,93.0,1015.0,274.18,244.0,3.5,3.0
2013-12-10,80.0,1014.0,274.98,250.0,4.0,2.0
2013-12-11,68.0,1023.0,271.07,251.0,5.0,2.0
2013-12-12,80.0,1021.5,269.885,244.0,3.0,2.0
2013-12-13,55.0,987.0,268.20000000000005,244.0,3.0,2.0
2013-12-14,75.5,992.0,269.39,244.0,3.0,2.0
2013-12-15,90.0,969.0,273.36,244.0,3.0,3.0
2013-12-16,72.0,979.5,271.505,244.0,3.0,2.0
2013-12-17,80.0,1021.5,268.735,94.5,1.0,2.5
2013-12-18,80.0,1015.0,268.325,270.5,1.0,2.0
2013-12-19,80.0,1021.0,277.075,242.0,2.0,2.0
2013-12-20,80.0,1018.5,277.105,244.0,2.5,4.0
2013-12-21,80.0,1014.0,281.34000000000003,228.5,2.0,4.0
2013-12-22,80.0,1012.0,288.415,207.5,1.0,2.0
2013-12-23,80.0,1014.0,287.65999999999997,243.0,1.0,2.5
2013-12-24,80.0,1020.5,276.1,289.0,2.0,2.0
2013-12-25,80.0,1032.0,269.265,278.0,2.0,2.0
2013-12-26,80.0,1026.0,270.71500000000003,237.5,2.0,2.0
2013-12-27,80.0,1026.0,273.20500000000004,270.0,2.0,2.0
2013-12-28,80.0,1023.0,274.53499999999997,229.0,2.0,2.0
2013-12-29,80.0,1016.5,278.33,244.0,2.0,2.0
2013-12-30,80.0,1010.5,277.17,272.0,2.0,4.0
2013-12-31,80.0,1021.0,269.01,244.0,2.0,2.0
2014-01-01,80.0,1026.0,270.62,244.0,2.5,2.0
2014-01-02,80.0,1019.5,270.25,52.5,3.0,2.0
2014-01-03,80.0,1009.5,263.48,265.0,3.5,4.0
2014-01-04,80.0,1032.0,260.77,242.0,1.5,2.0
2014-01-05,80.0,1025.0,267.065,235.0,1.0,2.0
2014-01-06,80.0,999.0,278.96,202.5,3.0,3.0
2014-01-07,49.5,1016.5,260.21000000000004,283.5,3.5,2.0
2014-01-08,58.0,1031.0,260.04499999999996,263.5,2.0,2.0
2014-01-09,80.0,1035.0,267.35,244.0,3.0,2.0
2014-01-10,80.0,1032.0,270.89,244.0,3.0,2.0
2014-01-11,80.0,1008.0,278.92,244.0,3.0,3.0
2014-01-12,80.0,1002.0,280.025,244.0,3.0,3.0
2014-01-13,80.0,1020.0,276.325,244.0,3.0,2.0
2014-01-14,86.5,1006.0,280.11,244.0,3.0,2.0
2014-01-15,80.0,1012.5,277.055,244.0,3.0,2.0
2014-01-16,80.0,1013.0,276.935,244.0,3.0,2.0
2014-01-17,80.0,1022.0,284.793,244.0,3.0,2.0
2014-01-18,80.0,1022.0,284.793,244.0,3.0,2.0
2014-01-19,80.0,1009.0,274.66999999999996,244.0,3.0,2.0
2014-01-20,80.0,1004.0,275.2525,244.0,3.0,2.0
2014-01-21,80.0,1013.0,268.51,244.0,3.0,2.0
2014-01-22,80.0,1012.0,261.515,244.0,3.0,2.0
2014-01-23,65.5,1018.5,261.08500000000004,268.0,3.0,2.0
2014-01-24,80.0,1027.0,262.985,291.5,3.0,2.0
2014-01-25,80.0,1011.5,265.855,224.0,2.0,2.0
2014-01-26,80.0,1010.0,266.84000000000003,244.0,3.0,2.0
2014-01-27,58.0,1007.0,270.63,175.0,2.0,1.0
2014-01-28,36.5,1026.5,264.81,310.0,6.0,1.0
2014-01-29,41.5,1022.0,264.385,280.0,3.0,1.0
2014-01-30,44.0,1028.5,264.4,235.0,3.0,2.0
2014-01-31,55.5,1020.5,268.885,261.0,4.0,2.0
2014-02-01,49.0,1024.0,273.32,71.0,0.0,2.0
2014-02-02,77.0,1014.0,274.29,0.0,0.0,2.0
2014-02-03,86.0,1020.0,273.27,330.0,4.0,4.0
2014-02-04,73.5,1029.0,270.765,20.0,2.0,4.0
2014-02-05,86.0,1016.5,272.03499999999997,45.0,4.0,4.0
2014-02-06,67.5,1023.5,270.5,315.0,4.0,4.0
2014-02-07,67.5,1025.0,268.53,250.0,4.0,1.0
2014-02-08,49.0,1026.0,269.53499999999997,260.0,2.5,1.0
2014-02-09,50.0,1022.0,268.605,185.0,2.0,1.0
2014-02-10,67.0,1020.0,268.99,290.0,5.0,1.0
2014-02-11,50.0,1027.0,266.085,310.0,4.0,1.0
2014-02-12,54.0,1033.0,264.93,320.0,4.0,1.0
2014-02-13,86.0,1017.5,271.14,30.0,7.5,4.0
2014-02-14,80.0,990.0,273.51,270.0,8.5,4.0
2014-02-15,69.0,1007.0,272.98,50.0,2.5,4.0
2014-02-16,58.0,1013.5,269.645,285.0,5.0,1.0
2014-02-17,53.0,1026.5,267.7,310.0,4.0,1.0
2014-02-18,62.0,1021.0,269.58000000000004,20.0,1.5,1.0
2014-02-19,75.0,1015.5,273.935,95.0,2.0,1.0
2014-02-20,64.0,1021.5,278.13,230.0,3.0,1.0
2014-02-21,96.5,1014.0,276.09000000000003,35.0,2.5,1.0
2014-02-22,80.5,1015.0,276.46500000000003,220.0,3.5,1.0
2014-02-23,50.0,1016.0,278.565,10.0,0.5,1.0
2014-02-24,43.0,1012.0,275.715,280.0,5.0,1.0
2014-02-25,49.0,1018.0,270.69,270.0,5.0,1.0
2014-02-26,51.0,1014.0,269.65999999999997,265.0,3.5,1.0
2014-02-27,37.5,1007.5,266.83500000000004,215.0,4.0,1.0
2014-02-28,32.0,1026.5,264.105,300.0,5.0,1.0
2014-03-01,39.5,1029.5,265.775,95.0,1.0,1.0
2014-03-02,50.5,1019.0,274.52,235.0,2.0,1.0
2014-03-03,45.0,1019.5,267.03999999999996,340.0,6.0,1.0
2014-03-04,37.0,1028.0,264.92499999999995,261.5,3.5,1.0
2014-03-05,34.0,1024.0,270.39,110.0,1.0,1.0
2014-03-06,44.0,1035.0,269.54499999999996,20.0,6.0,1.0
2014-03-07,59.0,1028.0,269.94,40.0,4.0,1.0
2014-03-08,64.5,1012.0,275.31,265.0,3.5,1.0
2014-03-09,44.5,1014.5,277.855,310.0,5.0,1.0
2014-03-10,38.0,1011.0,276.15999999999997,235.0,4.0,1.0
2014-03-11,52.5,1003.0,278.78,230.0,3.0,1.0
2014-03-12,65.0,1001.0,282.35,50.0,2.0,1.0
2014-03-13,48.0,1000.0,269.515,305.0,11.0,1.0
2014-03-14,32.0,1020.5,268.29999999999995,220.0,4.5,1.0
2014-03-15,40.5,1009.0,279.56,230.0,5.5,1.0
2014-03-16,35.0,1021.5,275.095,320.0,6.0,1.0
2014-03-17,31.0,1019.0,271.01,20.0,6.5,1.0
2014-03-18,39.0,1023.0,272.375,20.0,3.0,1.0
2014-03-19,69.0,1025.0,273.96500000000003,90.0,3.0,1.0
2014-03-20,80.5,1008.0,278.14,270.0,6.0,4.0
2014-03-21,40.0,1015.0,278.6,270.0,6.0,1.0
2014-03-22,44.0,1012.5,279.03,130.0,3.0,1.0
2014-03-23,41.5,1016.0,277.28999999999996,320.0,5.0,1.0
2014-03-24,31.0,1022.0,270.72,320.0,5.5,1.0
2014-03-25,36.0,1020.5,271.185,140.0,3.0,1.0
2014-03-26,43.0,1012.0,273.18,320.0,8.5,1.0
2014-03-27,35.5,1027.0,269.975,300.0,4.0,1.0
2014-03-28,64.0,1020.5,277.405,190.0,3.5,1.0
2014-03-29,81.0,1019.0,281.17,50.0,3.5,4.0
2014-03-30,90.0,1000.0,280.395,30.0,6.0,4.0
2014-03-31,80.0,1010.5,277.525,340.0,7.5,4.0
2014-04-01,49.5,1019.0,280.095,315.0,3.0,1.0
2014-04-02,75.0,1019.0,279.985,110.0,1.0,1.0
2014-04-03,70.5,1019.0,281.28999999999996,20.0,2.0,1.0
2014-04-04,77.5,1018.0,278.66499999999996,100.0,3.0,4.0
2014-04-05,81.0,1010.5,278.3,280.0,6.0,1.0
2014-04-06,41.0,1020.5,278.97,275.0,4.0,2.0
2014-04-07,63.0,1022.0,280.005,90.0,2.0,1.0
2014-04-08,93.0,998.5,281.92,145.0,3.0,4.0
2014-04-09,47.0,1005.5,284.145,310.0,5.0,1.0
2014-04-10,30.5,1019.0,282.74,180.0,4.0,2.0
2014-04-11,38.5,1016.0,286.315,220.0,4.0,1.0
2014-04-12,60.5,1020.5,287.94,270.0,3.0,1.0
2014-04-13,50.0,1022.0,287.33,180.0,4.0,1.0
2014-04-14,59.5,1016.0,292.495,190.0,6.0,1.0
2014-04-15,87.0,1006.0,289.65999999999997,180.0,6.0,4.0
2014-04-16,56.5,1024.0,275.4,330.0,7.5,4.0
2014-04-17,50.0,1038.0,277.71000000000004,45.0,4.0,1.0
2014-04-18,60.0,1034.0,277.055,80.0,3.0,1.0
2014-04-19,67.5,1024.5,280.07500000000005,210.0,2.5,1.0
2014-04-20,37.0,1030.0,283.9240833335,60.0,4.0,1.0
2014-04-21,49.0,1023.5,280.995,115.0,2.0,1.0
2014-04-22,64.0,1007.5,285.24,195.0,2.5,1.0
2014-04-23,53.0,1002.0,285.95500000000004,300.0,8.0,1.0
2014-04-24,32.5,1012.0,280.775,310.0,9.0,1.0
2014-04-25,28.0,1016.0,284.71000000000004,140.0,4.0,1.0
2014-04-26,71.0,1008.0,282.955,115.0,3.0,4.0
2014-04-27,59.0,1015.0,282.83000000000004,320.0,5.5,1.0
2014-04-28,46.5,1019.0,284.395,315.0,3.0,1.0
2014-04-29,66.5,1024.5,282.51925,106.0,4.0,1.0
2014-04-30,97.0,1040.0,280.3240833335,94.5,6.0,4.0
2014-05-01,93.0,1023.0,288.5935833335,191.0,4.0,4.0
2014-05-02,91.0,1020.0,287.30724999999995,256.0,2.0,4.0
2014-05-03,56.0,1024.0,287.119,237.5,2.0,1.0
2014-05-04,54.0,1009.0,288.0091666665,240.0,3.0,1.0
2014-05-05,40.0,1009.0,286.8,293.0,1.0,2.0
2014-05-06,35.0,1012.0,288.01,301.5,1.0,1.0
2014-05-07,36.5,1021.0,287.58500000000004,204.0,1.0,2.0
2014-05-08,93.0,1020.0,286.115,153.0,1.0,3.0
2014-05-09,96.0,1019.0,286.35,118.0,1.0,3.0
2014-05-10,95.5,1012.0,288.92499999999995,194.5,1.0,3.0
2014-05-11,61.5,1013.5,293.355,279.0,1.0,4.0
2014-05-12,48.0,1018.0,293.87,245.0,1.0,2.0
2014-05-13,68.5,1020.0,292.28499999999997,140.0,1.0,2.0
2014-05-14,74.0,1024.5,286.04499999999996,122.0,1.0,1.0
2014-05-15,92.5,1022.0,290.006,148.5,1.0,4.0
2014-05-16,95.0,1014.0,292.055,162.0,3.0,3.0
2014-05-17,84.5,1013.5,290.13,273.5,1.0,4.0
2014-05-18,58.0,1018.5,288.675,278.0,1.0,2.0
2014-05-19,47.5,1020.0,287.71500000000003,311.0,2.0,2.0
2014-05-20,47.0,1018.0,290.475,308.0,2.0,2.0
2014-05-21,45.0,1012.0,293.495,278.5,1.5,1.0
2014-05-22,87.5,1008.0,290.7,170.0,1.0,3.0
2014-05-23,91.0,1008.0,288.98,327.0,1.0,3.0
2014-05-24,87.5,1012.5,288.86,295.0,1.0,3.0
2014-05-25,81.5,1017.0,288.46500000000003,225.0,1.0,1.0
2014-05-26,44.5,1017.0,294.115,245.0,5.0,1.0
2014-05-27,45.0,1012.0,297.435,252.0,4.0,1.0
2014-05-28,74.5,1012.5,287.8,65.0,4.0,1.0
2014-05-29,62.0,1022.0,286.03,60.0,4.0,1.0
2014-05-30,54.5,1019.5,287.2,105.0,1.5,1.0
2014-05-31,59.0,1021.0,290.70500000000004,40.0,5.0,1.0
2014-06-01,60.5,1025.5,289.69,157.0,1.0,2.0
2014-06-02,51.5,1021.5,292.505,224.5,1.5,2.0
2014-06-03,63.0,1013.5,295.815,224.5,1.5,2.0
2014-06-04,89.5,1008.0,294.15999999999997,171.5,1.0,2.0
2014-06-05,85.5,1003.0,292.265,167.0,1.5,3.0
2014-06-06,60.5,1010.0,292.95500000000004,319.0,1.0,2.0
2014-06-07,60.0,1013.0,294.01,324.0,1.0,2.0
2014-06-08,62.5,1012.0,295.895,231.0,1.0,2.0
2014-06-09,86.5,1012.0,292.67,134.0,1.0,3.0
2014-06-10,95.0,1015.0,292.14,88.0,1.0,3.0
2014-06-11,91.5,1017.0,292.77,102.0,1.0,3.0
2014-06-12,94.0,1016.0,290.08500000000004,117.0,1.5,3.0
2014-06-13,97.5,1009.0,292.765,113.0,1.0,3.0
2014-06-14,89.0,1008.5,293.23,274.5,1.5,2.5
2014-06-15,59.5,1016.0,290.855,324.5,2.0,2.0
2014-06-16,60.5,1018.0,295.165,244.0,1.0,2.0
2014-06-17,66.0,1015.5,296.11,194.5,1.0,1.5
2014-06-18,59.0,1010.5,300.985,278.5,1.0,2.0
2014-06-19,72.0,1013.0,295.69,295.0,1.0,4.0
2014-06-20,59.0,1014.0,295.105,309.5,1.0,2.0
2014-06-21,52.0,1012.0,294.425,177.5,1.0,1.0
2014-06-22,67.0,1013.0,293.435,168.5,1.0,2.0
2014-06-23,64.0,1018.0,294.565,161.0,1.0,1.0
2014-06-24,60.5,1019.0,295.57,170.5,1.0,1.0
2014-06-25,77.5,1014.0,296.23,187.5,1.5,2.0
2014-06-26,88.5,1009.0,297.73,286.0,1.0,4.0
2014-06-27,72.0,1020.0,297.26,104.0,1.0,1.0
2014-06-28,57.0,1024.5,296.77,170.0,1.0,1.5
2014-06-29,51.5,1025.0,296.76,193.0,1.0,1.0
2014-06-30,58.0,1019.5,296.735,197.5,1.5,1.0
2014-07-01,68.5,1014.0,298.59000000000003,192.5,2.0,1.0
2014-07-02,70.0,1012.0,300.355,190.5,3.0,2.0
2014-07-03,92.0,1014.0,296.91499999999996,186.5,1.0,3.0
2014-07-04,90.5,1016.0,295.05,271.0,3.0,4.0
2014-07-05,52.0,1019.0,294.09000000000003,300.0,5.0,2.0
2014-07-06,38.5,1019.0,297.79999999999995,244.0,3.0,1.0
2014-07-07,51.0,1012.0,298.93,220.0,5.5,1.0
2014-07-08,48.5,1009.0,302.945,220.0,6.0,1.0
2014-07-09,56.0,1011.0,300.53999999999996,220.0,4.0,1.0
2014-07-10,57.0,1018.0,297.21500000000003,150.0,3.0,1.0
2014-07-11,54.0,1021.5,296.245,120.0,3.0,1.0
2014-07-12,68.5,1023.0,297.34000000000003,180.0,2.0,1.0
2014-07-13,73.0,1018.5,297.55,180.0,4.0,1.0
2014-07-14,78.0,1013.0,298.145,190.0,2.0,1.0
2014-07-15,88.0,1008.0,297.15,170.0,2.0,3.0
2014-07-16,80.0,1009.0,296.155,205.0,3.0,4.0
2014-07-17,50.0,1014.5,295.985,266.0,3.0,1.0
2014-07-18,45.5,1022.0,295.3,280.0,3.0,1.0
2014-07-19,51.5,1023.0,295.03999999999996,145.0,2.0,1.0
2014-07-20,64.0,1021.0,294.065,65.0,3.0,1.0
2014-07-21,73.0,1021.0,294.69,131.5,2.0,1.0
2014-07-22,67.0,1021.0,297.115,210.0,2.5,1.0
2014-07-23,64.5,1015.5,299.125,210.0,4.0,1.0
2014-07-24,77.0,1009.0,297.36671314750004,281.5,2.0,1.0
2014-07-25,54.5,1015.0,296.095,260.5,3.0,1.0
2014-07-26,64.5,1016.0,296.06,210.0,3.0,1.0
2014-07-27,76.0,1009.0,296.38,204.5,3.0,1.0
2014-07-28,76.0,1001.0,297.845,219.5,3.0,1.0
2014-07-29,62.0,1010.0,293.665,290.0,4.0,1.0
2014-07-30,49.0,1016.0,292.53,305.0,3.0,1.0
2014-07-31,58.0,1018.0,293.725,210.0,3.0,1.0
2014-08-01,73.0,1022.0,295.53499999999997,178.0,2.0,3.0
2014-08-02,78.0,1022.0,293.815,49.5,3.0,3.0
2014-08-03,79.5,1020.0,292.29499999999996,61.5,1.5,2.0
2014-08-04,75.0,1018.0,295.235,237.0,2.0,1.0
2014-08-05,57.5,1017.0,296.55499999999995,185.0,1.5,2.0
2014-08-06,62.5,1012.0,297.05999999999995,305.0,3.5,1.0
2014-08-07,46.5,1013.0,294.87,321.0,4.0,1.0
2014-08-08,46.0,1018.0,294.145,320.0,3.0,1.0
2014-08-09,45.5,1018.5,294.815,152.0,2.0,1.0
2014-08-10,55.5,1020.0,294.70500000000004,145.0,2.0,1.0
2014-08-11,47.0,1020.0,296.1,181.0,2.0,1.0
2014-08-12,75.5,1017.0,296.19,140.0,4.0,1.0
2014-08-13,78.0,1006.0,295.485,130.0,5.0,3.0
2014-08-14,55.5,1010.0,294.52,270.0,4.0,1.0
2014-08-15,48.0,1013.0,292.975,270.0,3.5,1.0
2014-08-16,56.0,1015.0,291.885,239.5,2.0,1.0
2014-08-17,57.0,1012.5,293.225,270.0,2.5,1.0
2014-08-18,55.0,1012.0,294.5402667205,320.0,2.0,2.0
2014-08-19,60.0,1012.0,294.09000000000003,20.0,3.0,1.0
2014-08-20,71.0,1015.0,295.44500000000005,155.0,2.0,1.0
2014-08-21,67.0,1017.0,295.265,154.0,2.5,3.0
2014-08-22,80.0,1017.0,293.74,140.0,2.0,3.0
2014-08-23,68.0,1018.0,293.61,60.0,3.0,1.0
2014-08-24,73.0,1020.0,292.805,98.0,3.0,1.0
2014-08-25,71.0,1021.0,292.695,70.0,2.0,2.5
2014-08-26,54.0,1020.0,295.895,150.0,2.0,1.0
2014-08-27,67.0,1017.0,295.535,220.0,2.0,1.0
2014-08-28,53.0,1012.0,297.08500000000004,315.0,5.5,1.0
2014-08-29,45.0,1020.5,292.92499999999995,305.0,3.0,4.0
2014-08-30,60.5,1024.0,292.295,154.5,2.0,1.0
2014-08-31,73.0,1020.0,295.74,200.0,3.0,1.0
2014-09-01,78.0,1015.5,297.23,205.0,3.0,3.0
2014-09-02,69.0,1013.0,298.38,240.0,3.0,1.0
2014-09-03,55.0,1013.5,299.095,290.0,4.5,1.0
2014-09-04,52.0,1020.0,295.79499999999996,150.0,2.5,1.0
2014-09-05,71.5,1021.0,297.07,200.0,3.0,3.0
2014-09-06,80.5,1014.0,298.255,210.0,3.5,3.0
2014-09-07,73.0,1016.5,294.6,305.0,3.0,1.0
2014-09-08,64.0,1024.5,292.355,45.0,3.0,1.0
2014-09-09,68.0,1025.0,292.01,40.0,4.0,1.0
2014-09-10,68.0,1020.0,293.0,50.0,3.5,1.0
2014-09-11,75.0,1014.0,293.7,190.0,3.0,1.0
2014-09-12,60.0,1018.5,293.315,330.0,4.0,1.0
2014-09-13,67.5,1022.0,289.34000000000003,50.0,4.5,1.0
2014-09-14,71.0,1022.0,287.985,330.0,3.0,1.0
2014-09-15,59.0,1022.5,287.26,20.0,3.0,1.0
2014-09-16,72.0,1017.0,287.78499999999997,212.0,2.0,1.0
2014-09-17,57.0,1017.0,288.28,310.0,2.0,1.0
2014-09-18,57.0,1015.0,287.925,276.0,2.0,1.0
2014-09-19,53.5,1025.0,287.985,30.0,4.5,1.0
2014-09-20,64.0,1026.0,287.80499999999995,140.0,3.0,1.0
2014-09-21,83.0,1013.0,292.6,75.0,1.0,3.0
2014-09-22,70.0,1007.5,292.385,290.0,4.0,1.0
2014-09-23,49.0,1025.0,286.645,310.0,2.5,1.0
2014-09-24,68.0,1032.0,287.855,80.0,3.0,1.0
2014-09-25,74.5,1029.0,289.38,50.0,4.0,3.0
2014-09-26,77.0,1023.0,289.37,330.0,4.0,1.0
2014-09-27,60.0,1022.0,291.01,40.0,2.0,2.0
2014-09-28,56.0,1022.0,291.525,192.5,1.0,2.0
2014-09-29,66.0,1015.0,292.485,220.0,2.0,1.0
2014-09-30,75.0,1014.0,292.385,118.0,2.0,3.0
2014-10-01,82.0,1016.5,290.035,20.0,4.0,3.0
2014-10-02,77.0,1019.0,290.33,30.0,3.5,1.0
2014-10-03,72.0,1019.0,290.02,85.0,2.0,1.0
2014-10-04,72.0,1004.5,290.335,140.0,4.0,3.0
2014-10-05,56.0,1009.5,284.66999999999996,260.0,6.0,1.0
2014-10-06,56.0,1017.0,282.52,177.0,2.5,1.0
2014-10-07,67.0,1017.0,290.70500000000004,180.0,5.0,1.0
2014-10-08,77.0,1010.0,291.125,240.0,6.0,1.0
2014-10-09,43.0,1015.0,289.475,250.0,5.0,1.0
2014-10-10,43.0,1019.0,286.565,270.0,2.0,1.0
2014-10-11,76.0,1018.5,285.115,30.0,2.5,2.0
2014-10-12,81.0,1023.5,281.55,40.0,2.0,1.0
2014-10-13,71.0,1026.0,284.32,160.0,2.0,3.0
2014-10-14,87.0,1023.0,290.56,168.5,2.0,1.0
2014-10-15,78.0,1017.0,294.92,140.0,2.5,1.0
2014-10-16,83.0,1007.0,294.095,170.0,5.0,3.0
2014-10-17,67.5,1005.0,288.935,230.0,4.0,1.0
2014-10-18,74.5,1002.0,288.97,220.0,4.0,1.0
2014-10-19,55.5,1009.5,284.61,303.0,7.0,1.0
2014-10-20,48.0,1019.0,279.78499999999997,245.0,3.0,1.0
2014-10-21,69.5,1013.0,284.29499999999996,150.0,2.0,2.0
2014-10-22,87.0,1012.0,285.78499999999997,10.0,5.5,3.0
2014-10-23,87.0,1006.0,284.42499999999995,340.0,6.0,3.0
2014-10-24,68.5,1009.0,284.705,320.0,5.0,1.0
2014-10-25,49.0,1011.0,286.88,275.0,3.0,1.0
2014-10-26,51.0,1003.0,287.695,290.0,6.5,1.0
2014-10-27,50.0,1014.5,285.815,280.0,4.0,1.0
2014-10-28,58.5,1017.0,283.94,218.5,2.0,1.0
2014-10-29,77.0,1012.0,287.255,230.0,2.0,3.0
2014-10-30,87.0,1015.0,283.325,283.0,3.0,1.0
2014-10-31,57.0,1016.0,280.0,35.0,3.0,1.0
2014-11-01,81.0,1011.0,281.205,30.0,6.0,3.5
2014-11-02,58.0,1009.5,279.135,340.0,9.0,1.0
2014-11-03,46.0,1019.0,279.125,270.0,5.5,1.0
2014-11-04,33.0,1021.0,284.5,229.0,3.0,1.0
2014-11-05,54.5,1018.5,287.5,230.0,4.0,1.0
2014-11-06,87.0,1017.5,282.775,161.0,2.0,3.0
2014-11-07,73.0,1003.5,281.87,291.0,3.0,1.0
2014-11-08,71.5,1018.5,277.28,252.0,3.0,1.0
2014-11-09,57.0,1014.0,280.30499999999995,225.0,3.0,1.0
2014-11-10,55.0,1020.0,279.33000000000004,247.0,1.0,1.0
2014-11-11,77.0,1020.0,281.635,83.0,2.0,1.0
2014-11-12,87.0,1013.0,286.217145481,197.0,1.0,1.0
2014-11-13,53.5,1019.0,279.956970887,321.5,3.0,1.0
2014-11-14,71.0,1017.0,275.5723963165,310.0,4.0,1.0
2014-11-15,61.5,1025.0,272.18484995150004,302.0,3.0,1.0
2014-11-16,61.0,1028.0,272.3914096385,207.5,2.0,1.0
2014-11-17,93.0,1014.5,277.925262969,119.5,2.0,3.0
2014-11-18,60.0,1009.0,272.9592364215,274.0,8.0,1.0
2014-11-19,40.5,1022.5,268.750901606,259.0,6.0,2.0
2014-11-20,50.0,1016.5,272.28130378950004,230.0,5.0,1.0
2014-11-21,40.0,1022.0,273.047730035,280.0,5.5,1.0
2014-11-22,53.0,1033.0,270.0920825845,230.0,3.0,2.0
2014-11-23,42.0,1023.0,278.647359415,223.5,3.0,1.0
2014-11-24,76.5,1008.5,289.45978185549995,179.5,6.0,3.0
2014-11-25,60.0,1012.0,288.171774015,243.5,5.0,1.0
2014-11-26,62.5,1020.0,279.39676832550003,245.0,3.0,1.0
2014-11-27,86.0,1015.0,275.00354392049996,309.5,3.0,3.0
2014-11-28,71.0,1021.5,273.340506617,302.5,4.0,1.0
2014-11-29,62.5,1027.0,269.769777428,205.0,1.5,1.0
2014-11-30,66.0,1022.5,277.9793290555,196.5,2.5,1.0
2014-12-01,67.5,1020.0,281.23451771099997,230.0,2.5,1.0
2014-12-02,58.0,1034.0,276.059591302,55.0,5.0,2.0
2014-12-03,93.0,1021.5,278.39,205.5,4.0,3.0
2014-12-04,60.0,1027.0,277.41999999999996,272.5,4.0,1.0
2014-12-05,68.0,1034.0,274.467845027,20.0,4.0,1.0
2014-12-06,93.0,1024.5,277.775,214.0,1.0,3.0
2014-12-07,68.5,1027.5,276.99,25.0,8.0,1.0
2014-12-08,53.5,1037.0,271.37,20.0,6.0,1.0
2014-12-09,91.5,1020.5,275.59000000000003,30.0,7.0,3.0
2014-12-10,79.5,1004.0,277.32987375949995,314.5,5.5,3.0
2014-12-11,68.5,1005.0,273.595,260.0,7.0,3.0
2014-12-12,65.5,1014.0,273.815,295.0,5.0,1.0
2014-12-13,64.0,1016.0,274.97,320.0,5.0,3.0
2014-12-14,64.0,1013.0,276.565,320.0,4.0,1.0
2014-12-15,65.0,1017.0,277.225,290.0,2.0,2.0
2014-12-16,80.0,1019.0,275.78499999999997,75.0,1.0,3.0
2014-12-17,90.0,1011.0,280.125,270.0,3.0,3.0
2014-12-18,52.0,1014.0,277.33,290.0,6.0,1.0
2014-12-19,59.0,1016.0,275.54,305.0,5.0,1.0
2014-12-20,67.5,1025.0,272.51,305.0,3.0,1.0
2014-12-21,75.0,1026.0,273.01,320.0,3.0,1.0
2014-12-22,80.0,1027.0,274.67999999999995,20.0,3.0,3.0
2014-12-23,93.0,1020.0,280.417149305,60.5,4.0,3.5
2014-12-24,100.0,1017.5,280.7555789905,50.0,2.0,1.0
2014-12-25,81.5,1003.5,284.03499999999997,270.0,5.5,1.0
2014-12-26,70.5,1023.5,278.1535,250.0,3.0,2.0
2014-12-27,81.5,1035.5,276.48741198150003,229.5,2.0,2.0
2014-12-28,88.5,1018.5,277.752,237.0,2.0,2.0
2014-12-29,74.5,1019.0,276.540198666,324.0,1.0,1.0
2014-12-30,62.0,1026.0,272.0064897155,314.5,1.0,1.0
2014-12-31,72.0,1027.0,268.216,273.0,2.0,2.0
2015-01-01,58.0,1020.0,267.618,249.0,3.0,2.0
2015-01-02,59.0,1020.0,273.289,259.0,3.0,2.0
2015-01-03,77.0,1030.5,270.9145,105.0,2.0,1.5
2015-01-04,97.0,1005.0,276.9,216.5,2.0,4.0
2015-01-05,62.5,1007.0,276.75,272.0,2.0,2.0
2015-01-06,58.5,1019.0,266.494219512,260.0,2.0,1.0
2015-01-07,89.5,1010.0,265.25,266.0,2.5,1.0
2015-01-08,55.0,1019.0,261.45,286.0,2.0,2.0
2015-01-09,71.5,1022.0,267.138,227.0,3.0,1.5
2015-01-10,60.0,1026.5,263.9288573995,276.5,3.0,2.0
2015-01-11,66.0,1034.0,261.56661141300003,236.0,2.0,2.0
2015-01-12,91.0,1027.0,270.573,212.5,1.0,1.0
2015-01-13,84.0,1029.0,269.77,38.5,2.0,2.0
2015-01-14,76.0,1029.5,263.88,35.0,2.0,1.0
2015-01-15,87.0,1021.5,267.2,305.5,1.0,2.0
2015-01-16,83.0,1011.0,267.0815,257.0,3.0,2.0
2015-01-17,72.0,1025.5,265.259,316.0,1.5,2.0
2015-01-18,85.0,1018.0,268.303,200.0,1.5,1.0
2015-01-19,92.0,1007.0,274.56899999999996,276.0,3.0,2.0
2015-01-20,80.5,1011.0,270.56,276.0,2.0,1.0
2015-01-21,78.0,1020.0,268.395032142,60.0,1.0,1.0
2015-01-22,84.0,1021.0,268.916,304.5,1.0,1.0
2015-01-23,82.0,1026.0,269.638104865,278.5,1.0,2.0
2015-01-24,97.0,1005.5,271.589,132.0,2.0,1.0
2015-01-25,84.0,1003.0,272.16,287.0,3.0,2.0
2015-01-26,87.0,1014.0,268.005913989,53.0,2.0,1.0
2015-01-27,83.0,1005.5,269.061,349.0,4.0,1.0
2015-01-28,76.0,1015.0,266.705,331.5,3.0,2.0
2015-01-29,76.0,1025.0,265.6205,285.0,1.0,2.0
2015-01-30,91.0,1010.0,271.3505,251.0,2.0,1.0
2015-01-31,71.0,1016.0,266.259,320.5,5.0,2.0
2015-02-01,80.5,1020.0,266.08050000000003,259.5,1.0,2.0
2015-02-02,96.0,1005.0,272.28925876,94.0,2.0,4.0
2015-02-03,70.0,1021.0,265.9528225695,315.0,2.0,2.0
2015-02-04,80.0,1022.0,264.3645,217.0,2.0,2.0
2015-02-05,87.5,1013.0,270.665,285.0,2.0,1.0
2015-02-06,72.0,1021.5,262.647,271.5,2.5,2.0
2015-02-07,81.0,1020.0,264.4915,245.0,2.0,2.0
2015-02-08,86.0,1014.0,268.681,54.5,1.0,1.0
2015-02-09,100.0,1012.0,274.541,69.5,2.0,1.0
2015-02-10,90.0,1016.0,273.63599999999997,26.0,2.0,1.0
2015-02-11,83.0,1018.0,269.40029004300004,29.5,2.0,2.0
2015-02-12,84.0,1009.0,266.89,202.0,1.0,1.0
2015-02-13,68.0,1017.0,264.82399999999996,315.0,3.0,2.0
2015-02-14,76.0,1014.0,259.956,206.0,1.0,1.0
2015-02-15,80.0,1001.0,264.716,315.5,6.0,1.0
2015-02-16,67.0,1021.0,259.9635437215,315.0,4.0,2.0
2015-02-17,83.5,1018.0,262.784861001,227.0,1.0,5.0
2015-02-18,69.0,1012.0,258.2165,214.5,1.0,2.0
2015-02-19,74.0,1005.0,263.539,296.0,3.5,1.0
2015-02-20,65.0,1019.0,258.805,298.0,3.0,2.0
2015-02-21,72.0,1030.5,256.6785,196.0,1.0,1.0
2015-02-22,94.0,1020.0,273.01099999999997,209.0,1.0,1.0
2015-02-23,80.0,1022.0,268.482,313.0,3.0,1.0
2015-02-24,69.0,1024.0,260.30150000000003,315.0,1.5,2.0
2015-02-25,77.0,1010.0,261.95349999999996,264.5,2.5,2.0
2015-02-26,77.0,1016.0,264.028,41.0,2.0,1.0
2015-02-27,100.0,1038.0,265.2801666665,207.0,2.0,1.0
2015-02-28,73.0,1040.0,262.322,324.5,1.0,2.0
2015-03-01,82.0,1039.0,262.9825,222.0,1.0,1.0
2015-03-02,93.0,1019.5,272.30150451,276.0,3.0,1.0
2015-03-03,75.5,1026.5,268.5575,314.0,2.0,2.0
2015-03-04,92.5,1012.0,274.9,210.5,3.0,3.0
2015-03-05,92.0,1016.5,273.40999999999997,310.0,3.0,3.0
2015-03-06,56.0,1031.0,265.93823001650003,320.0,4.0,3.0
2015-03-07,61.5,1026.5,266.894231288,225.5,3.0,1.5
2015-03-08,55.0,1018.0,274.19795493950005,243.0,3.0,1.0
2015-03-09,55.0,1021.0,276.5271111435,249.5,3.5,1.0
2015-03-10,79.0,1034.5,275.6684798265,183.5,1.0,1.0
2015-03-11,90.5,1028.0,278.24842262,252.0,2.0,4.0
2015-03-12,87.0,1038.5,275.74758333349996,313.0,4.0,2.0
2015-03-13,89.0,1050.0,272.7833333335,168.0,2.0,2.0
2015-03-14,95.5,1036.0,276.57166666700004,185.5,1.0,4.0
2015-03-15,91.5,1021.0,278.1221666665,286.5,4.0,4.0
2015-03-16,75.0,1028.0,276.08349999999996,297.0,2.0,1.5
2015-03-17,78.5,1018.0,279.2445,228.0,2.0,4.0
2015-03-18,72.5,1029.0,273.77941666649997,310.0,6.0,2.0
2015-03-19,75.0,1039.0,272.7493333335,326.5,3.0,2.0
2015-03-20,81.5,1035.5,272.62850000000003,91.0,2.0,1.0
2015-03-21,100.0,1031.5,272.5160833335,82.0,2.0,5.0
2015-03-22,93.5,1029.5,274.01033333299995,296.5,4.0,2.0
2015-03-23,82.0,1036.0,271.15425,319.5,3.0,2.0
2015-03-24,82.5,1041.0,271.1165833335,112.5,2.0,1.0
2015-03-25,85.0,1042.5,273.16258333350004,190.0,1.0,2.0
2015-03-26,91.0,1029.0,277.65383333299997,185.5,2.0,4.0
2015-03-27,95.0,1020.0,278.652,332.0,3.0,4.0
2015-03-28,92.0,1022.0,274.967,336.5,4.0,4.5
2015-03-29,79.0,1031.0,272.597093516,334.5,4.0,5.0
2015-03-30,61.5,1016.5,274.74,222.0,2.0,2.0
2015-03-31,66.5,1024.0,278.53575,283.5,3.0,5.0
2015-04-01,82.5,1028.5,276.39316666649995,324.0,2.5,4.0
2015-04-02,67.0,1036.0,277.298,212.5,2.0,2.0
2015-04-03,60.0,1024.5,287.4403333335,223.0,4.0,1.0
2015-04-04,90.5,1019.5,282.39,276.5,5.0,4.0
2015-04-05,64.5,1035.0,279.5335833335,254.0,3.5,2.0
2015-04-06,65.0,1038.0,281.74483333349997,157.0,1.0,1.0
2015-04-07,68.0,1035.0,285.6905833335,199.5,2.0,1.0
2015-04-08,91.5,1040.0,278.79325,76.0,4.0,4.0
2015-04-09,91.0,1038.5,277.16499999999996,67.0,3.0,4.0
2015-04-10,92.5,1030.5,279.38366666649995,140.0,2.0,4.0
2015-04-11,68.0,1026.0,283.9645,281.5,4.0,2.0
2015-04-12,60.5,1039.0,281.354,281.0,2.0,2.0
2015-04-13,61.0,1040.0,281.8503333335,186.5,2.0,2.0
2015-04-14,57.0,1035.0,287.73375,224.5,3.5,1.0
2015-04-15,59.0,1034.0,284.42224999999996,343.5,3.0,1.0
2015-04-16,40.0,1043.0,284.6125,115.0,2.0,1.0
2015-04-17,72.5,1033.0,285.41949999999997,208.0,3.0,4.0
2015-04-18,68.5,1028.0,287.73749999999995,281.5,1.5,2.0
2015-04-19,41.5,1036.0,286.4215,117.0,3.0,1.5
2015-04-20,89.0,1027.0,282.8895,108.0,4.0,4.0
2015-04-21,92.5,1011.0,286.2714166665,236.5,2.5,4.0
2015-04-22,62.5,1007.0,281.998880247,206.0,2.5,2.0
2015-04-23,59.0,1006.0,280.57963725499997,278.0,3.0,1.5
2015-04-24,47.0,1010.0,277.802,308.0,3.0,2.0
2015-04-25,45.0,1012.5,277.66143901,307.5,2.0,2.0
2015-04-26,46.5,1005.0,281.5415201185,177.0,1.0,1.5
2015-04-27,46.5,1005.0,283.15103658550004,325.0,2.0,2.0
2015-04-28,48.0,1007.0,284.900741218,338.0,3.0,1.0
2015-04-29,40.0,1007.0,288.4025181805,320.0,2.0,2.0
2015-04-30,46.5,1007.0,287.0219986295,110.5,2.0,1.0
2015-05-01,56.0,1013.0,284.736,79.5,1.0,1.0
2015-05-02,57.0,1014.0,286.1477545495,158.5,1.0,1.0
2015-05-03,52.0,1018.0,288.4021909105,262.0,1.0,2.0
2015-05-04,35.5,1021.5,292.130302901,218.0,1.0,2.0
2015-05-05,36.0,1021.0,296.898,242.5,2.0,2.0
2015-05-06,47.0,1023.0,291.55955351499995,65.0,1.0,1.0
2015-05-07,58.0,1022.0,290.15455686999996,292.0,1.0,1.0
2015-05-08,45.5,1020.0,294.00800000000004,183.5,1.0,2.0
2015-05-09,67.0,1023.5,292.75750000000005,149.0,1.5,1.0
2015-05-10,81.0,1023.0,292.484608366,202.0,1.5,1.5
2015-05-11,74.0,1020.0,295.36260630050003,206.5,2.0,1.5
2015-05-12,84.0,1011.5,294.192631902,215.5,2.0,4.0
2015-05-13,42.5,1015.5,291.84757845,304.0,3.0,2.0
2015-05-14,43.0,1027.0,287.082,310.0,2.0,2.0
2015-05-15,43.0,1026.0,290.168,219.0,1.0,1.0
2015-05-16,48.0,1023.0,289.276,194.0,2.0,3.0
2015-05-17,93.0,1020.5,291.8575128205,253.5,1.0,3.0
2015-05-18,72.5,1020.0,294.62615061049996,131.0,1.0,2.0
2015-05-19,95.0,1015.0,289.1305,142.0,1.0,4.0
2015-05-20,79.0,1010.0,290.242,313.0,2.0,2.0
2015-05-21,55.5,1015.0,285.4615,310.0,1.0,1.0
2015-05-22,68.5,1013.0,286.022,286.5,2.0,1.5
2015-05-23,48.5,1027.0,286.2835,309.0,2.0,2.0
2015-05-24,52.5,1028.0,286.45349999999996,246.0,2.0,2.0
2015-05-25,47.0,1036.0,291.23699999999997,209.0,2.0,1.0
2015-05-26,51.0,1036.0,296.369,208.0,3.0,2.0
2015-05-27,59.0,1031.0,295.6635,190.0,3.5,1.0
2015-05-28,77.0,1029.0,294.235,198.0,2.0,1.0
2015-05-29,73.0,1033.5,292.7725,108.5,1.0,1.5
2015-05-30,67.0,1032.0,293.849,181.0,2.0,2.0
2015-05-31,70.5,1027.0,294.49,196.0,3.5,2.0
2015-06-01,93.0,1020.0,286.645,55.0,5.0,4.0
2015-06-02,87.0,1021.0,284.275,40.0,3.0,3.0
2015-06-03,82.0,1023.5,285.57,70.0,2.0,2.5
2015-06-04,77.0,1034.0,288.192,92.0,2.0,1.0
2015-06-05,73.0,1030.0,288.102,82.5,2.0,1.0
2015-06-06,69.0,1023.0,291.3435,158.0,2.0,1.0
2015-06-07,54.0,1030.5,290.5005,92.5,2.5,2.0
2015-06-08,68.0,1017.0,290.84000000000003,191.0,4.0,2.0
2015-06-09,83.0,1006.0,294.15,215.0,3.5,3.0
2015-06-10,59.0,1011.0,295.595,272.5,3.0,2.0
2015-06-11,58.0,1016.0,296.444,230.0,3.0,2.0
2015-06-12,77.0,1023.0,295.8125,169.5,1.0,1.0
2015-06-13,62.0,1021.0,298.8705,219.5,2.5,1.0
2015-06-14,59.5,1026.0,296.4185,182.5,1.0,1.5
2015-06-15,88.0,1014.5,295.264,165.5,3.0,4.0
2015-06-16,88.0,1013.5,292.96000000000004,56.0,2.0,3.0
2015-06-17,64.0,1019.0,295.44,160.0,3.0,2.0
2015-06-18,73.5,1020.0,292.485,145.0,3.0,3.0
2015-06-19,94.0,1023.0,294.905,271.5,2.0,3.0
2015-06-20,84.0,1027.5,292.57849999999996,112.0,2.5,2.0
2015-06-21,97.0,1020.0,293.83299999999997,193.0,3.0,4.0
2015-06-22,94.0,1023.0,295.112,296.0,3.0,2.0
2015-06-23,67.0,1021.0,297.969,200.5,3.5,1.0
2015-06-24,82.0,1024.0,295.98400000000004,309.5,3.0,2.0
2015-06-25,55.0,1018.5,296.408,280.0,2.0,1.5
2015-06-26,64.5,1015.0,295.555,110.0,2.0,1.0
2015-06-27,77.0,1019.0,292.78,102.5,2.5,3.0
2015-06-28,88.0,1005.5,289.68,75.0,3.0,3.0
2015-06-29,72.5,1010.0,293.305,250.0,3.0,2.0
2015-06-30,65.0,1014.0,294.66499999999996,175.0,2.0,2.0
2015-07-01,78.0,1009.0,295.69,215.0,4.0,3.0
2015-07-02,64.0,1012.0,296.28999999999996,256.5,1.0,2.0
2015-07-03,75.5,1014.5,294.54499999999996,178.5,1.5,2.0
2015-07-04,77.5,1015.0,294.1,134.5,2.0,3.0
2015-07-05,62.5,1019.5,294.505,242.5,2.0,2.0
2015-07-06,74.0,1021.0,296.405,180.0,2.0,3.0
2015-07-07,78.0,1017.0,297.65999999999997,180.0,3.0,3.0
2015-07-08,78.0,1014.0,298.53499999999997,230.0,3.0,3.0
2015-07-09,88.0,1015.0,295.6,141.0,1.0,3.0
2015-07-10,75.0,1014.0,295.315,300.0,3.0,1.5
2015-07-11,62.0,1018.0,296.685,80.0,1.0,2.0
2015-07-12,64.5,1018.0,297.51,234.0,2.0,3.0
2015-07-13,63.0,1013.0,298.32500000000005,189.5,2.0,2.0
2015-07-14,77.0,1006.0,297.075,160.0,3.0,2.5
2015-07-15,88.0,1003.0,297.21500000000003,105.0,2.0,3.0
2015-07-16,53.0,1016.0,294.78499999999997,30.0,3.0,1.0
2015-07-17,80.0,1019.0,293.975,197.5,2.0,3.0
2015-07-18,69.0,1015.0,295.655,200.0,3.0,4.0
2015-07-19,69.5,1011.0,299.6,220.0,2.0,2.0
2015-07-20,58.5,1007.0,302.15999999999997,240.0,2.0,2.0
2015-07-21,67.5,1005.0,299.97,270.0,2.0,3.0
2015-07-22,57.0,1008.5,296.19,320.5,4.0,2.0
2015-07-23,51.5,1013.0,295.42999999999995,300.0,2.0,2.0
2015-07-24,49.5,1014.0,295.975,270.0,2.0,1.0
2015-07-25,51.0,1015.0,296.625,200.0,1.5,2.0
2015-07-26,62.0,1015.5,297.495,210.0,3.0,2.0
2015-07-27,65.0,1016.0,298.51,215.0,2.0,3.0
2015-07-28,76.0,1016.0,298.245,222.0,1.0,2.0
2015-07-29,69.0,1015.0,300.53,235.0,1.0,1.0
2015-07-30,78.0,1013.0,299.29999999999995,220.0,3.0,3.0
2015-07-31,78.0,1011.0,297.89,279.0,2.0,3.0
2015-08-01,55.5,1010.0,298.67499999999995,255.0,2.0,1.0
2015-08-02,55.5,1012.5,298.57,284.5,2.0,2.0
2015-08-03,59.0,1011.0,298.22,214.0,3.0,2.0
2015-08-04,61.0,1011.0,298.815,245.0,4.0,2.0
2015-08-05,50.0,1013.0,297.705,294.0,2.0,2.0
2015-08-06,53.0,1015.0,295.81,303.5,2.0,2.0
2015-08-07,56.5,1013.0,296.155,108.0,2.5,2.0
2015-08-08,56.0,1014.0,295.55499999999995,100.0,2.0,2.0
2015-08-09,58.0,1016.0,295.71000000000004,103.0,2.0,2.0
2015-08-10,75.0,1018.0,295.86,160.0,2.0,3.0
2015-08-11,80.5,1010.0,296.11,180.0,4.0,3.0
2015-08-12,77.5,1011.0,296.065,285.0,2.5,3.0
2015-08-13,56.0,1017.0,295.43499999999995,320.0,2.0,1.5
2015-08-14,62.0,1021.0,295.16999999999996,275.0,1.5,2.0
2015-08-15,59.0,1020.0,297.385,255.0,3.0,2.5
2015-08-16,63.0,1019.5,298.69,253.0,3.0,3.0
2015-08-17,63.0,1019.0,299.4,230.0,3.0,2.0
2015-08-18,69.0,1017.0,299.645,211.0,3.0,2.0
2015-08-19,80.5,1016.5,298.83000000000004,170.0,3.0,3.0
2015-08-20,78.0,1016.0,298.65999999999997,157.0,4.0,1.0
2015-08-21,76.0,1015.5,298.02,150.0,4.0,2.5
2015-08-22,50.5,1019.0,296.02,42.0,2.0,2.0
2015-08-23,73.5,1017.0,294.895,92.0,2.0,1.0
2015-08-24,78.0,1013.0,296.255,193.5,2.0,1.0
2015-08-25,64.5,1011.0,298.135,210.0,3.0,1.0
2015-08-26,48.0,1014.5,295.82500000000005,290.0,3.0,1.5
2015-08-27,58.0,1018.0,294.505,321.0,3.0,1.0
2015-08-28,68.0,1021.0,292.93,335.0,2.0,1.0
2015-08-29,68.0,1023.0,293.745,283.0,1.0,2.0
2015-08-30,60.5,1020.0,296.16,222.0,3.0,3.0
2015-08-31,61.0,1017.0,298.605,250.0,3.0,2.0
2015-09-01,65.0,1017.0,300.0,145.0,2.0,2.0
2015-09-02,75.0,1017.0,297.39,185.0,1.0,2.5
2015-09-03,73.0,1012.0,298.405,201.0,2.0,3.0
2015-09-04,69.0,1016.0,298.91499999999996,61.0,2.0,3.0
2015-09-05,73.0,1024.0,295.65,88.5,3.0,2.0
2015-09-06,68.5,1023.0,293.605,137.0,1.0,2.0
2015-09-07,77.0,1020.0,294.755,226.5,2.0,2.0
2015-09-08,64.5,1017.0,298.68,222.0,3.0,2.0
2015-09-09,69.0,1014.0,299.975,210.0,2.5,1.0
2015-09-10,85.5,1011.0,296.01,55.0,3.0,4.0
2015-09-11,85.5,1007.0,294.115,30.0,4.0,3.0
2015-09-12,78.0,1010.0,294.29,170.0,2.0,3.0
2015-09-13,83.0,1005.5,294.07,213.0,3.0,3.0
2015-09-14,66.0,1015.5,290.29,280.0,4.0,2.0
2015-09-15,54.0,1025.0,291.83,285.0,2.5,2.0
2015-09-16,63.5,1026.0,293.915,271.0,1.0,1.0
2015-09-17,70.0,1023.0,294.525,212.0,2.0,2.0
2015-09-18,71.0,1018.0,295.38,205.0,2.0,2.5
2015-09-19,77.0,1015.0,294.305,190.0,2.0,3.0
2015-09-20,70.0,1015.0,295.005,203.0,3.5,1.0
2015-09-21,58.5,1021.0,290.74,45.0,3.0,2.0
2015-09-22,59.5,1024.0,291.38,63.0,3.0,1.0
2015-09-23,74.0,1025.0,290.385,30.0,2.5,1.0
2015-09-24,65.5,1024.5,290.23,70.0,2.0,2.0
2015-09-25,68.0,1027.0,291.935,80.0,3.0,2.0
2015-09-26,59.0,1029.5,290.28,80.0,3.5,1.0
2015-09-27,72.0,1031.0,288.795,79.5,3.0,1.0
2015-09-28,79.5,1025.0,291.01,83.0,2.0,1.0
2015-09-29,83.0,1019.0,294.8,144.0,2.0,1.0
2015-09-30,88.0,1007.5,295.77,165.0,3.5,3.0
2015-10-01,67.0,1017.0,287.895,30.0,5.0,1.0
2015-10-02,81.0,1022.0,283.945,30.0,4.0,4.0
2015-10-03,87.0,1025.0,282.305,50.0,6.0,3.0
2015-10-04,66.0,1026.5,284.735,60.0,5.0,1.0
2015-10-05,68.5,1023.0,285.54499999999996,40.0,3.0,2.0
2015-10-06,87.0,1018.5,285.65,40.0,2.0,2.0
2015-10-07,72.0,1015.5,288.685,334.5,2.0,2.0
2015-10-08,82.0,1020.0,288.59000000000003,258.5,2.0,2.0
2015-10-09,82.0,1015.5,289.115,210.0,3.0,3.0
2015-10-10,58.0,1018.0,288.065,283.0,2.0,2.0
2015-10-11,84.0,1017.0,283.845,237.0,2.0,2.0
2015-10-12,78.5,1012.0,286.935,232.0,3.0,2.0
2015-10-13,82.0,1002.0,288.875,198.0,3.0,3.0
2015-10-14,72.0,1006.5,289.54499999999996,274.0,3.0,1.0
2015-10-15,73.0,1015.0,286.275,307.0,3.0,1.0
2015-10-16,64.5,1015.0,285.08500000000004,257.0,3.5,2.0
2015-10-17,67.5,1019.0,282.54499999999996,290.0,3.0,2.0
2015-10-18,58.0,1025.0,277.34000000000003,314.5,3.0,1.0
2015-10-19,79.5,1030.0,276.1,320.0,3.0,2.0
2015-10-20,56.5,1024.0,281.21000000000004,240.0,4.0,1.5
2015-10-21,54.0,1025.0,288.4,236.5,2.0,2.0
2015-10-22,66.5,1023.0,287.86,216.0,3.0,2.0
2015-10-23,51.0,1022.5,287.47,320.0,4.0,4.0
2015-10-24,73.5,1028.0,280.52,54.0,3.0,2.0
2015-10-25,73.5,1018.0,286.265,223.5,3.0,1.5
2015-10-26,66.0,1029.0,283.27,35.0,3.0,3.0
2015-10-27,67.5,1033.0,280.15,64.0,2.0,1.0
2015-10-28,81.0,1026.0,285.97280183450005,90.0,4.0,3.0
2015-10-29,88.0,1002.0,292.291152261,227.5,6.0,1.0
2015-10-30,43.5,1012.0,285.6306930445,268.5,5.0,1.0
2015-10-31,55.5,1022.0,281.105,215.0,2.0,2.0
2015-11-01,67.0,1016.0,283.6063822715,209.0,3.5,1.0
2015-11-02,77.0,1018.0,286.8570331455,277.5,2.0,1.0
2015-11-03,63.0,1021.0,283.8222340075,227.0,2.0,1.0
2015-11-04,62.5,1027.0,286.2442985075,140.0,1.5,2.0
2015-11-05,88.0,1026.0,286.6800395985,189.5,1.0,1.0
2015-11-06,89.0,1018.0,291.6602752815,213.5,2.0,2.0
2015-11-07,52.0,1015.0,289.9577674095,271.0,3.0,1.0
2015-11-08,44.5,1026.0,284.21419440750003,308.5,3.0,1.0
2015-11-09,68.0,1030.5,280.175,233.0,1.0,1.5
2015-11-10,75.0,1022.5,285.227310345,50.0,3.0,1.0
2015-11-11,87.0,1010.0,284.43,341.5,5.0,2.0
2015-11-12,81.5,1013.5,284.983224436,161.0,2.0,3.0
2015-11-13,54.0,1004.0,285.498288314,260.0,7.0,1.0
2015-11-14,39.0,1014.0,281.14795116,268.5,6.5,1.0
2015-11-15,53.0,1025.0,278.740188253,254.0,3.0,2.0
2015-11-16,53.0,1022.0,284.384912347,219.0,3.0,2.0
2015-11-17,56.5,1033.0,281.46912656100005,37.0,3.5,1.0
2015-11-18,67.0,1034.0,278.5166384845,110.0,2.0,1.0
2015-11-19,82.0,1024.0,287.62786068950004,138.5,4.0,1.0
2015-11-20,64.5,1018.0,286.420909866,302.0,4.5,1.0
2015-11-21,52.5,1024.0,278.070155375,121.0,3.5,1.0
2015-11-22,71.0,1013.5,282.36,242.5,3.0,1.0
2015-11-23,42.0,1017.0,277.4278404415,330.0,6.0,1.0
2015-11-24,48.0,1027.0,273.22,274.0,2.0,1.0
2015-11-25,50.5,1038.0,276.7259859155,58.5,2.0,1.0
2015-11-26,72.0,1043.0,276.53499999999997,71.0,2.0,1.0
2015-11-27,89.5,1035.0,281.8055543585,218.5,2.0,1.0
2015-11-28,76.0,1022.0,284.5511961825,228.5,3.0,1.0
2015-11-29,77.5,1023.0,279.216937121,30.0,3.0,1.0
2015-11-30,60.5,1029.0,275.78,23.5,5.0,1.0
2015-12-01,87.0,1024.0,279.01585566150004,59.0,3.0,3.0
2015-12-02,93.0,1014.0,281.532301525,87.0,2.0,3.5
2015-12-03,70.5,1010.0,282.2592141675,270.0,5.0,1.0
2015-12-04,59.0,1028.0,280.076550301,268.5,4.0,1.0
2015-12-05,69.0,1038.0,277.1371789885,250.0,1.5,2.0
2015-12-06,77.5,1035.0,275.819643963,231.5,2.0,2.0
2015-12-07,76.5,1022.0,277.357569738,240.0,2.0,1.0
2015-12-08,69.5,1019.0,278.9639859355,20.0,4.0,1.0
2015-12-09,76.0,1021.0,276.255,155.0,1.5,1.0
2015-12-10,76.0,1015.0,283.97949447049996,218.5,2.0,1.0
2015-12-11,81.0,1014.0,281.49880154899995,206.5,2.0,1.0
2015-12-12,76.0,1019.5,283.72,210.0,1.5,1.0
2015-12-13,76.0,1020.0,285.375,198.5,1.0,3.0
2015-12-14,82.0,1015.5,285.27,92.5,2.0,1.0
2015-12-15,66.0,1000.5,288.48,270.0,6.0,2.0
2015-12-16,61.0,1018.0,282.7070048755,294.5,5.0,1.0
2015-12-17,87.0,1017.0,283.311495327,130.0,2.0,2.0
2015-12-18,75.5,1006.0,282.468823036,270.0,3.0,1.0
2015-12-19,47.0,1016.0,275.66499999999996,270.0,7.0,1.0
2015-12-20,44.0,1030.5,275.7753819195,260.0,4.0,1.0
2015-12-21,59.0,1028.0,276.8571691175,221.5,3.0,1.0
2015-12-22,76.5,1017.0,283.9904355625,234.5,2.5,3.0
2015-12-23,93.0,1020.0,284.1755098965,72.0,2.0,3.0
2015-12-24,84.5,1014.0,290.450893635,191.0,3.5,3.0
2015-12-25,87.0,1021.0,286.85,218.5,1.0,3.0
2015-12-26,56.0,1029.5,283.66499999999996,40.0,3.0,1.0
2015-12-27,91.5,1017.0,282.735227024,219.5,3.0,3.0
2015-12-28,60.0,1026.5,277.72,302.0,5.0,2.5
2015-12-29,89.0,1021.0,276.015,69.5,5.0,4.0
2015-12-30,87.0,1023.5,277.19,62.0,2.0,2.0
2015-12-31,87.0,1018.0,280.305,305.5,2.0,3.0
2016-01-01,60.0,1018.0,277.2951402875,270.0,4.5,1.0
2016-01-02,51.0,1018.0,274.499210576,259.0,4.0,1.0
2016-01-03,60.0,1012.5,273.680139228,243.5,3.0,2.0
2016-01-04,53.0,1016.0,271.815,320.0,5.0,1.0
2016-01-05,45.0,1034.0,263.6535053005,340.0,5.5,2.0
2016-01-06,42.5,1036.0,267.345068849,240.0,2.0,2.0
2016-01-07,39.5,1028.0,271.99,235.0,1.0,1.0
2016-01-08,59.0,1023.0,274.53277444,33.5,3.0,1.0
2016-01-09,78.0,1022.0,278.401745139,47.5,3.0,3.0
2016-01-10,93.0,1005.5,281.708940221,92.0,4.0,4.0
2016-01-11,49.5,1010.0,273.715389404,262.0,9.0,1.0
2016-01-12,49.0,1018.5,269.844596024,235.0,3.0,1.0
2016-01-13,49.5,1014.0,270.204086291,270.0,8.0,1.0
2016-01-14,45.0,1015.0,268.42062009100005,260.0,4.0,1.0
2016-01-15,69.0,1014.0,274.23377175400003,74.0,2.0,1.0
2016-01-16,74.5,999.0,278.81,236.5,4.0,1.0
2016-01-17,58.0,1009.5,274.72972312950003,270.0,4.0,1.0
2016-01-18,71.0,1010.5,269.95897756600004,286.0,7.0,1.0
2016-01-19,48.0,1017.0,266.078307238,273.0,8.0,1.0
2016-01-20,50.0,1021.0,270.63,297.5,4.0,1.0
2016-01-21,54.0,1021.0,272.22,321.0,4.5,1.0
2016-01-22,45.5,1025.0,269.66280971599997,320.0,4.0,1.0
2016-01-23,84.5,1012.5,270.047785571,25.5,7.0,2.5
2016-01-24,57.5,1012.0,270.029601794,324.5,5.0,3.0
2016-01-25,60.5,1025.0,270.99088347450004,266.5,1.0,1.5
2016-01-26,85.0,1021.0,271.229504651,210.0,3.0,2.0
2016-01-27,65.0,1016.0,278.4019384355,280.0,4.0,1.0
2016-01-28,64.5,1018.0,272.97623919299997,227.0,2.0,1.0
2016-01-29,64.0,1000.0,274.025,265.0,2.0,1.0
2016-01-30,56.0,1016.0,272.21133333349997,273.0,3.0,1.0
2016-01-31,73.0,1015.0,275.6151221915,209.0,2.0,1.0
2016-02-01,75.0,1009.0,278.521017234,220.0,3.0,1.0
2016-02-02,54.0,1023.5,279.03499999999997,268.0,3.0,2.0
2016-02-03,81.0,1023.5,278.385,152.0,3.0,-49.0
2016-02-04,87.0,1013.0,284.185,243.5,3.0,1.0
2016-02-05,64.5,1019.0,276.02,315.0,5.0,3.0
2016-02-06,53.0,1028.0,273.34000000000003,240.0,2.5,2.0
2016-02-07,64.0,1022.5,273.78999999999996,225.0,2.0,1.0
2016-02-08,64.0,1008.5,275.555,40.0,4.5,1.5
2016-02-09,79.0,1005.0,271.21000000000004,55.0,3.0,3.0
2016-02-10,74.5,1003.0,273.35467973699997,239.5,3.0,3.0
2016-02-11,46.0,1011.0,268.976556448,275.5,6.5,1.0
2016-02-12,40.0,1024.0,265.71000000000004,275.0,4.0,1.0
2016-02-13,52.5,1016.0,266.52,280.0,4.5,1.0
2016-02-14,36.0,1031.5,258.87,300.0,5.0,2.0
2016-02-15,63.0,1034.0,262.90140950800003,61.0,2.0,3.0
2016-02-16,87.0,1014.0,277.52,150.0,4.0,2.0
2016-02-17,66.0,1013.0,276.2,300.0,3.0,1.0
2016-02-18,54.5,1028.0,273.345,335.5,4.5,1.0
2016-02-19,53.0,1034.5,270.76,128.5,2.5,1.0
2016-02-20,61.0,1017.5,277.9501624345,203.0,3.5,1.0
2016-02-21,60.0,1012.0,283.42801216500004,262.0,3.0,1.0
2016-02-22,63.0,1018.5,279.885851751,39.0,3.0,1.0
2016-02-23,80.0,1025.0,275.565,51.5,3.5,2.5
2016-02-24,93.0,1018.5,276.14617296100005,60.0,5.0,4.0
2016-02-25,85.5,992.0,284.50482932349996,186.5,7.0,3.0
2016-02-26,62.0,1008.0,274.841596207,290.0,7.0,1.0
2016-02-27,45.0,1020.0,271.6193917785,261.5,4.0,1.0
2016-02-28,48.0,1015.0,276.2886582315,227.0,5.0,1.0
2016-02-29,54.5,1005.0,282.6,220.0,5.0,1.5
2016-03-01,49.5,1017.5,279.987278986,231.0,4.5,1.0
2016-03-02,70.0,1006.5,280.36416496799995,265.0,9.0,1.0
2016-03-03,43.5,1023.0,271.695,314.0,5.0,1.0
2016-03-04,86.0,1021.0,273.09225204300003,35.0,3.0,3.0
2016-03-05,46.5,1021.0,273.470689782,241.5,3.0,1.0
2016-03-06,49.0,1024.0,273.68,182.5,2.0,1.0
2016-03-07,62.0,1025.0,274.9809006055,220.0,2.5,1.0
2016-03-08,56.0,1020.0,284.2759495125,133.0,2.0,1.0
2016-03-09,76.5,1020.5,281.855154565,181.5,1.0,1.0
2016-03-10,38.5,1016.0,292.08566860450003,230.0,5.0,1.0
2016-03-11,56.0,1017.5,288.52530326149997,323.5,4.0,2.0
2016-03-12,51.0,1027.0,282.12394271849996,193.0,3.0,1.0
2016-03-13,53.5,1017.0,285.089076923,200.0,3.0,1.0
2016-03-14,61.0,1020.0,280.768159889,80.0,4.0,3.5
2016-03-15,88.0,1009.0,280.33730840299995,47.5,4.5,3.0
2016-03-16,73.0,1010.0,282.900089373,240.0,1.0,1.0
2016-03-17,76.5,1011.0,283.92499999999995,220.0,3.0,3.0
2016-03-18,42.0,1009.0,282.725,270.0,5.0,1.0
2016-03-19,44.0,1018.5,278.51,319.5,3.0,1.0
2016-03-20,44.0,1021.0,275.8683759125,35.0,3.0,1.0
2016-03-21,74.0,1011.0,275.01702199199997,300.0,3.0,3.0
2016-03-22,37.5,1019.0,277.78854918950003,260.0,5.0,1.0
2016-03-23,45.0,1014.5,283.889514238,225.0,5.0,1.0
2016-03-24,63.5,1018.0,282.895000694,50.0,4.0,1.0
2016-03-25,81.0,1007.0,283.28999999999996,89.5,3.0,1.0
2016-03-26,54.0,1025.0,281.395,313.5,5.0,1.0
2016-03-27,71.5,1029.0,279.37896980950006,136.0,3.0,1.0
2016-03-28,82.0,1010.0,280.04999999999995,107.0,3.0,3.0
2016-03-29,43.5,1012.0,282.2895277105,290.0,10.0,1.0
2016-03-30,32.0,1026.0,279.775,276.0,4.0,2.0
2016-03-31,49.5,1018.0,283.07179341899996,193.5,5.5,1.0
2016-04-01,71.5,1004.0,290.42,200.0,5.0,2.0
2016-04-02,63.5,1002.0,285.00534883700004,227.5,3.0,2.0
2016-04-03,45.0,1002.0,277.154332238,295.5,9.0,3.0
2016-04-04,69.5,1014.0,275.85,48.0,3.0,3.0
2016-04-05,45.0,1024.5,272.43,325.0,7.0,1.0
2016-04-06,34.0,1028.0,274.55418040250004,158.5,3.5,2.0
2016-04-07,75.0,1007.5,282.68,187.0,5.0,1.0
2016-04-08,57.5,1001.0,280.375,250.0,6.0,1.0
2016-04-09,59.5,1008.0,276.3311754385,52.0,3.0,1.0
2016-04-10,40.5,1025.0,276.23,300.0,5.0,1.0
2016-04-11,50.5,1023.5,280.475,190.0,4.0,1.0
2016-04-12,71.0,1016.0,285.49,207.0,4.0,1.0
2016-04-13,40.5,1027.0,280.9465319515,340.0,3.5,1.5
2016-04-14,48.5,1027.0,280.865,54.5,2.0,1.0
2016-04-15,59.0,1029.5,282.42999999999995,129.5,2.0,2.0
2016-04-16,60.5,1030.0,283.13,50.0,3.5,2.0
2016-04-17,46.0,1031.0,284.32,95.5,2.0,1.0
2016-04-18,40.5,1024.0,287.264580754,140.0,1.0,1.0
2016-04-19,33.0,1016.0,291.685,282.0,4.5,1.0
2016-04-20,22.0,1023.0,288.075,320.0,4.0,2.0
2016-04-21,48.0,1022.0,286.645,209.5,3.0,2.0
2016-04-22,56.0,1013.0,292.6,207.0,3.0,1.0
2016-04-23,63.0,1009.0,290.595,234.5,4.0,3.0
2016-04-24,29.5,1016.5,286.15,334.0,4.0,2.0
2016-04-25,51.0,1017.0,285.755,110.0,2.0,1.0
2016-04-26,80.5,1007.5,285.71568567049997,80.0,3.0,3.0
2016-04-27,72.5,1012.5,282.2,56.0,3.0,2.0
2016-04-28,53.5,1017.0,284.065,65.0,4.0,3.0
2016-04-29,56.0,1019.0,282.515,78.5,4.0,3.5
2016-04-30,66.0,1022.0,281.89,50.0,2.0,1.0
2016-05-01,75.0,1023.0,282.07,121.0,2.0,3.0
2016-05-02,87.0,1016.0,281.03999999999996,67.0,2.0,3.0
2016-05-03,87.0,1012.0,284.79999999999995,75.0,2.0,3.0
2016-05-04,87.0,1009.0,283.245,71.0,2.5,3.0
2016-05-05,71.0,1006.0,282.63,50.0,3.0,3.0
2016-05-06,81.0,1005.5,283.78,50.0,3.0,3.0
2016-05-07,93.0,1009.0,283.095,70.0,3.0,3.0
2016-05-08,87.0,1005.5,284.075,197.5,2.0,2.0
2016-05-09,57.5,1015.0,287.33,269.0,3.5,1.0
2016-05-10,50.0,1021.0,287.705,145.0,3.0,3.0
2016-05-11,69.5,1022.0,287.34000000000003,190.0,2.0,1.0
2016-05-12,67.0,1019.5,291.015,170.0,3.0,3.0
2016-05-13,77.0,1013.0,289.57,149.5,2.0,3.0
2016-05-14,93.0,1009.0,290.03999999999996,270.0,2.0,3.0
2016-05-15,53.0,1008.0,285.32500000000005,280.0,5.5,1.0
2016-05-16,50.5,1017.0,281.75,270.0,6.5,1.0
2016-05-17,50.5,1021.0,287.77,235.0,3.0,2.0
2016-05-18,60.5,1020.0,286.245,45.0,3.0,1.5
2016-05-19,58.5,1019.0,287.23,115.0,1.0,1.0
2016-05-20,55.0,1022.5,288.605,240.0,3.0,1.0
2016-05-21,78.5,1021.0,288.96500000000003,145.0,3.0,1.5
2016-05-22,87.0,1011.0,286.845,40.0,2.5,4.0
2016-05-23,74.5,1013.0,289.71000000000004,203.5,2.0,4.0
2016-05-24,84.5,1013.0,289.955,248.0,2.0,3.0
2016-05-25,58.0,1017.0,292.295,250.0,1.5,1.0
2016-05-26,47.0,1018.5,297.79,242.0,2.5,1.0
2016-05-27,69.0,1018.0,296.6,170.0,3.0,3.0
2016-05-28,69.0,1019.0,297.595,190.0,3.0,3.0
2016-05-29,65.0,1020.0,298.46000000000004,195.0,3.0,1.0
2016-05-30,85.5,1016.0,295.45,181.0,4.0,3.0
2016-05-31,80.5,1014.0,296.01,210.0,2.5,1.0
2016-06-01,64.0,1018.0,295.87,50.0,2.5,1.0
2016-06-02,72.5,1021.0,293.255,55.0,4.0,1.0
2016-06-03,82.0,1018.0,291.06,150.0,1.5,3.0
2016-06-04,80.0,1016.0,293.23,190.0,1.0,3.0
2016-06-05,82.0,1011.0,292.90999999999997,130.0,2.0,3.0
2016-06-06,88.0,1004.0,292.925,250.0,3.0,3.0
2016-06-07,50.5,1001.5,296.525,245.5,3.0,1.0
2016-06-08,55.0,1003.0,290.135,303.0,3.0,2.0
2016-06-09,50.5,1009.0,288.78499999999997,294.0,5.0,2.0
2016-06-10,31.5,1014.0,290.78,316.0,4.0,2.0
2016-06-11,42.0,1015.0,292.98,284.0,3.0,2.0
2016-06-12,48.5,1003.5,299.08,275.0,4.0,2.0
2016-06-13,50.0,1008.5,290.95500000000004,327.5,4.0,2.0
2016-06-14,51.5,1012.0,291.81,330.5,3.0,2.0
2016-06-15,39.5,1014.0,295.29999999999995,296.0,1.0,2.0
2016-06-16,63.5,1008.0,294.41499999999996,235.0,1.0,2.0
2016-06-17,64.5,1010.5,293.54999999999995,176.0,1.0,2.0
2016-06-18,43.5,1021.5,293.075,183.5,1.0,2.0
2016-06-19,55.5,1025.0,295.69,151.0,2.0,2.0
2016-06-20,65.5,1022.0,294.41499999999996,160.0,3.0,2.0
2016-06-21,50.5,1009.0,297.37,287.0,2.5,2.0
2016-06-22,33.5,1009.0,297.40999999999997,210.5,2.0,1.0
2016-06-23,53.0,1011.0,296.17,211.0,2.0,1.0
2016-06-24,70.0,1015.5,295.66999999999996,35.0,2.0,1.0
2016-06-25,77.0,1022.0,295.16499999999996,70.0,3.0,2.0
2016-06-26,69.0,1023.0,295.985,175.5,2.0,2.0
2016-06-27,68.0,1020.0,296.49,193.0,3.0,2.0
2016-06-28,88.0,1015.0,294.795,170.0,3.0,3.0
2016-06-29,83.0,1012.0,295.03,290.0,2.0,3.0
2016-06-30,73.0,1016.0,296.78999999999996,286.0,2.0,2.0
2016-07-01,83.0,1016.0,296.04499999999996,169.0,3.0,2.0
2016-07-02,70.0,1015.0,294.28499999999997,304.5,4.0,2.0
2016-07-03,52.0,1019.0,294.895,232.5,2.0,2.0
2016-07-04,69.0,1019.0,296.025,235.0,2.5,2.0
2016-07-05,85.5,1009.0,295.745,205.0,2.5,4.0
2016-07-06,67.0,1011.0,300.605,258.0,2.0,2.0
2016-07-07,83.0,1009.5,300.53499999999997,210.0,2.0,3.0
2016-07-08,80.5,1008.0,297.83500000000004,185.0,2.0,3.0
2016-07-09,88.0,1011.0,293.73,110.0,3.0,3.0
2016-07-10,83.0,1011.0,293.735,288.0,2.5,3.0
2016-07-11,64.0,1018.0,295.45,329.0,2.5,2.0
2016-07-12,67.0,1020.0,295.66499999999996,165.0,3.0,1.0
2016-07-13,73.0,1018.0,297.45500000000004,193.0,3.0,2.0
2016-07-14,94.5,1023.0,297.235,184.0,2.0,4.0
2016-07-15,92.0,1021.0,298.07050000000004,242.0,3.0,2.0
2016-07-16,82.0,1024.0,296.137,201.0,1.0,2.0
2016-07-17,94.0,1029.0,294.9575,263.0,1.0,2.0
2016-07-18,69.0,1029.5,297.923,211.0,2.0,1.0
2016-07-19,66.0,1025.0,299.388,260.0,3.0,4.0
2016-07-20,66.0,1025.0,299.388,260.0,3.0,4.0
2016-07-21,60.5,1021.0,297.69500000000005,242.0,2.0,1.0
2016-07-22,59.0,1015.5,299.365,223.0,5.0,1.5
2016-07-23,51.0,1010.5,303.03999999999996,280.0,4.0,1.5
2016-07-24,52.5,1014.0,301.52,175.0,3.0,1.5
2016-07-25,69.0,1014.0,299.49,194.0,3.0,2.0
2016-07-26,88.0,1012.0,296.58000000000004,270.0,2.5,3.0
2016-07-27,51.0,1014.0,300.44500000000005,282.5,2.0,1.0
2016-07-28,71.5,1013.0,299.925,221.5,2.0,2.0
2016-07-29,85.5,1011.0,297.91999999999996,55.0,3.0,3.0
2016-07-30,88.0,1015.0,297.195,169.0,1.5,3.0
2016-07-31,88.0,1016.0,296.645,112.0,3.0,3.0
2016-08-01,83.0,1017.5,295.475,52.5,2.0,3.0
2016-08-02,78.0,1019.0,295.99,60.0,2.5,2.0
2016-08-03,71.0,1021.0,294.6,64.5,1.5,2.0
2016-08-04,65.5,1021.0,295.485,146.0,1.0,2.0
2016-08-05,63.0,1017.0,296.565,196.5,2.0,2.0
2016-08-06,68.0,1009.0,298.46,216.0,3.0,1.0
2016-08-07,52.5,1010.5,298.565,317.0,2.0,2.0
2016-08-08,48.5,1016.5,298.425,279.5,2.0,1.0
2016-08-09,63.5,1032.0,297.505,83.0,1.0,2.0
2016-08-10,78.0,1021.0,299.2145,194.0,3.0,4.0
2016-08-11,74.5,1018.0,300.735,236.0,1.0,1.0
2016-08-12,69.5,1013.0,300.775,221.0,1.5,4.0
2016-08-13,65.5,1012.0,300.985,212.5,2.0,2.0
2016-08-14,58.5,1013.0,303.735,224.0,3.0,2.0
2016-08-15,67.0,1019.5,300.25,300.0,1.0,2.0
2016-08-16,71.5,1021.0,300.665,194.0,1.0,1.5
2016-08-17,74.0,1015.0,300.365,248.0,4.0,2.0
2016-08-18,61.0,1016.0,298.675,204.0,1.0,2.0
2016-08-19,70.0,1013.0,298.71500000000003,227.0,1.0,1.0
2016-08-20,74.5,1013.0,298.725,72.0,1.0,1.0
2016-08-21,74.0,1012.0,298.32000000000005,150.0,4.0,1.0
2016-08-22,73.0,1012.5,296.72,310.0,7.0,1.5
2016-08-23,43.0,1024.0,294.025,325.0,3.0,2.0
2016-08-24,54.5,1024.0,295.56,200.0,2.0,1.0
2016-08-25,61.0,1020.0,296.985,185.0,5.0,1.0
2016-08-26,69.0,1015.0,298.57,215.0,3.0,3.0
2016-08-27,52.5,1020.5,299.13,50.0,4.0,1.0
2016-08-28,51.0,1023.0,297.6,150.0,2.5,1.0
2016-08-29,61.0,1020.0,297.855,223.0,4.0,1.0
2016-08-30,52.0,1020.0,297.235,50.0,4.0,3.0
2016-08-31,67.0,1016.0,297.05499999999995,200.0,3.0,1.0
2016-09-01,78.0,1011.0,296.145,220.0,2.0,3.0
2016-09-02,60.0,1016.5,294.615,330.0,4.5,1.0
2016-09-03,68.0,1021.0,294.03999999999996,40.0,4.0,1.0
2016-09-04,58.0,1023.0,292.86,60.0,4.0,1.0
2016-09-05,52.0,1023.0,293.575,40.5,4.5,1.0
2016-09-06,60.0,1015.0,297.9,185.0,6.0,1.0
2016-09-07,75.5,1015.0,296.685,40.0,4.5,3.0
2016-09-08,85.5,1013.0,297.44,105.0,3.0,1.0
2016-09-09,65.0,1011.5,300.305,255.0,3.0,1.0
2016-09-10,78.5,1015.5,299.945,100.0,2.0,3.0
2016-09-11,74.0,1013.0,299.485,210.0,4.0,1.0
2016-09-12,48.0,1023.0,294.4,65.0,4.0,1.0
2016-09-13,60.0,1023.0,292.9,210.0,2.5,2.0
2016-09-14,64.0,1019.0,295.465,211.5,3.0,1.0
2016-09-15,56.0,1023.0,293.805,40.0,5.0,1.0
2016-09-16,60.0,1025.0,291.125,140.0,3.0,1.0
2016-09-17,63.5,1024.0,290.51,150.0,2.5,1.0
2016-09-18,77.0,1018.0,294.875,206.5,4.0,1.0
2016-09-19,86.5,1017.0,295.53999999999996,46.0,1.0,4.0
2016-09-20,87.5,1018.0,294.315,130.0,1.0,1.0
2016-09-21,81.5,1019.5,294.2025,177.0,1.0,1.0
2016-09-22,49.5,1021.0,294.06,43.0,1.0,1.0
2016-09-23,56.0,1016.0,293.015,237.0,1.0,2.0
2016-09-24,65.0,1018.0,291.99,21.0,3.0,4.0
2016-09-25,46.5,1021.0,288.3618827445,341.0,2.0,2.0
2016-09-26,50.0,1022.0,287.86,74.0,2.0,2.0
2016-09-27,73.5,1013.0,292.865,229.0,3.0,1.0
2016-09-28,79.5,1017.5,290.22,78.0,3.0,1.0
2016-09-29,80.5,1026.0,288.64,75.0,6.0,4.0
2016-09-30,81.0,1026.0,288.08000000000004,59.0,6.0,4.0
2016-10-01,91.0,1023.0,287.22,57.0,4.0,4.0
2016-10-02,88.0,1019.5,287.935,63.0,2.0,4.0
2016-10-03,86.0,1016.0,289.885,269.0,1.0,1.0
2016-10-04,78.0,1024.0,290.115,57.5,3.0,1.0
2016-10-05,77.5,1035.0,288.6585,46.0,3.0,2.0
2016-10-06,94.0,1035.0,286.202,257.5,1.0,2.0
2016-10-07,92.0,1034.0,287.704,119.0,1.0,2.0
2016-10-08,97.0,1029.0,289.916,102.0,2.0,1.0
2016-10-09,98.0,1027.0,288.115,7.0,5.0,4.0
2016-10-10,84.0,1032.0,285.6385,3.5,6.0,2.0
2016-10-11,85.0,1039.5,284.473,27.0,3.0,2.0
2016-10-12,99.0,1038.0,284.163,117.0,2.0,2.0
2016-10-13,98.5,1028.0,286.0765,217.0,2.0,2.0
2016-10-14,83.0,1035.0,285.64799999999997,341.0,4.0,2.0
2016-10-15,95.0,1039.0,282.251,38.0,2.0,2.0
2016-10-16,96.0,1034.5,285.928,223.0,3.0,2.0
2016-10-17,78.0,1025.0,291.8735,227.0,2.5,1.5
2016-10-18,74.5,1023.0,293.7315,212.0,2.0,2.0
2016-10-19,68.0,1024.0,295.856,235.5,1.5,2.0
2016-10-20,66.0,1028.5,294.556,83.0,3.0,1.0
2016-10-21,96.0,1018.0,292.533,151.0,2.0,4.0
2016-10-22,100.0,1004.0,285.801,293.0,5.0,4.0
2016-10-23,91.0,1017.0,282.232,284.0,6.0,2.0
2016-10-24,83.0,1021.0,285.965,286.0,4.0,2.0
2016-10-25,86.5,1032.0,283.047,307.0,5.0,2.0
2016-10-26,96.0,1039.0,280.072,324.0,3.0,2.0
2016-10-27,100.0,1040.5,279.063,80.0,3.0,2.0
2016-10-28,100.0,1028.5,282.934,300.0,5.0,2.0
2016-10-29,93.0,1031.5,281.6775,249.5,3.5,2.0
2016-10-30,81.0,1023.0,288.91999999999996,254.0,3.0,1.0
2016-10-31,100.0,1031.0,282.20099999999996,347.0,3.0,2.0
2016-11-01,100.0,1036.5,279.217,74.0,2.0,2.0
2016-11-02,71.0,1025.0,285.52,245.0,2.0,2.0
2016-11-03,77.0,1015.5,288.855,270.0,1.0,3.0
2016-11-04,58.0,1019.5,286.385,335.0,4.0,2.0
2016-11-05,49.5,1024.0,280.93,310.0,2.5,2.0
2016-11-06,62.0,1022.0,283.72,306.5,3.5,2.0
2016-11-07,48.5,1030.0,279.985,310.0,2.0,2.0
2016-11-08,62.0,1024.0,278.69,290.0,1.0,2.0
2016-11-09,78.5,1011.0,283.875,280.0,2.0,2.0
2016-11-10,65.0,1015.0,282.235,335.0,3.0,2.0
2016-11-11,51.5,1007.0,283.5,280.0,4.0,2.0
2016-11-12,38.0,1024.0,278.83000000000004,335.0,3.0,2.0
2016-11-13,44.0,1022.0,277.65999999999997,270.0,2.5,2.0
2016-11-14,35.0,1018.0,280.35,239.0,2.0,2.0
2016-11-15,84.0,1013.0,282.695,171.0,2.0,3.0
2016-11-16,70.0,1008.0,281.495,260.0,3.0,2.0
2016-11-17,64.0,1015.0,283.48,318.0,4.0,1.0
2016-11-18,70.0,1019.0,281.31,331.0,2.0,2.0
2016-11-19,71.0,1016.0,282.53,56.0,2.0,2.0
2016-11-20,75.5,1002.0,276.525,270.0,6.0,3.5
2016-11-21,45.5,1004.0,276.03,280.0,9.0,4.0
2016-11-22,44.0,1015.0,276.38,310.0,7.0,1.0
2016-11-23,55.0,1024.0,275.84,320.0,3.0,3.0
2016-11-24,56.5,1026.0,277.43,92.0,2.0,2.5
2016-11-25,81.0,1023.0,279.795,305.0,1.5,3.0
2016-11-26,81.0,1020.0,280.89,320.0,1.5,3.0
2016-11-27,85.5,1019.0,278.3,310.0,3.0,2.5
2016-11-28,69.0,1021.0,276.745,280.5,2.0,2.0
2016-11-29,81.5,1018.0,282.405,170.0,3.0,3.0
2016-11-30,93.0,1012.5,285.34000000000003,176.0,2.0,3.0
2016-12-01,90.0,1004.5,284.3,280.0,5.0,1.0
2016-12-02,56.0,1012.0,279.41999999999996,280.0,4.5,1.0
2016-12-03,52.0,1016.5,279.94,310.0,5.0,1.0
2016-12-04,48.0,1022.5,278.70979708699997,330.0,4.0,1.0
2016-12-05,80.0,1017.0,276.735,232.5,2.0,3.0
2016-12-06,86.5,1019.5,275.73,195.0,2.0,3.0
2016-12-07,86.0,1015.0,277.27,60.0,3.0,3.5
2016-12-08,80.0,1016.0,276.685,273.0,2.5,3.0
2016-12-09,47.0,1019.0,274.48,290.0,5.5,1.0
2016-12-10,63.0,1028.0,271.82,295.0,3.0,2.0
2016-12-11,63.0,1032.0,270.525,273.0,2.0,3.0
2016-12-12,89.5,1012.5,275.12,205.5,2.0,3.0
2016-12-13,69.0,1020.0,275.87,270.0,3.0,1.5
2016-12-14,62.0,1016.0,275.80499999999995,280.0,2.5,1.0
2016-12-15,43.5,1013.5,270.815,290.0,6.0,2.0
2016-12-16,45.0,1028.0,265.63,280.0,5.0,2.0
2016-12-17,86.0,1021.0,269.47,210.0,2.0,3.0
2016-12-18,99.0,1011.5,277.6,215.5,4.0,3.0
2016-12-19,47.0,1038.5,270.45,340.0,4.5,2.0
2016-12-20,50.5,1037.0,268.06500000000005,30.0,2.0,2.0
2016-12-21,61.0,1022.0,270.83000000000004,270.0,3.0,2.0
2016-12-22,57.5,1018.0,274.225,231.0,2.0,1.0
2016-12-23,55.0,1028.5,277.26,294.5,3.0,1.0
2016-12-24,72.0,1025.0,276.595,224.0,3.0,3.0
2016-12-25,69.5,1028.5,279.11,315.0,2.0,2.5
2016-12-26,65.5,1039.0,274.78499999999997,55.0,2.5,1.0
2016-12-27,82.0,1011.5,284.99,250.0,5.0,3.0
2016-12-28,55.5,1017.5,276.69,310.0,2.5,1.0
2016-12-29,86.0,1015.0,273.895,166.5,3.0,1.5
2016-12-30,69.0,1002.0,275.325,270.0,5.0,2.0
2016-12-31,55.0,1017.0,273.85,252.0,4.0,1.0
2017-01-01,45.0,1016.5,279.17499999999995,275.0,2.5,1.0
2017-01-02,82.0,1031.0,274.66499999999996,62.5,2.0,2.5
2017-01-03,93.0,1019.5,276.805,50.0,5.0,4.0
2017-01-04,87.0,999.0,278.90999999999997,270.0,4.0,3.0
2017-01-05,42.0,1013.5,272.3,290.0,6.0,2.0
2017-01-06,68.0,1015.5,271.955,299.5,2.0,2.5
2017-01-07,57.0,1024.5,268.105,195.0,3.0,1.5
2017-01-08,57.0,1025.0,266.455,310.0,5.0,3.0
2017-01-09,52.5,1039.0,264.99,293.5,3.0,1.0
2017-01-10,74.0,1038.0,265.405,200.0,2.0,1.0
2017-01-11,80.0,1025.0,278.83,220.0,3.0,1.5
2017-01-12,84.5,1019.0,283.68,230.0,3.0,3.0
2017-01-13,59.0,1024.5,283.975,315.0,3.5,1.0
2017-01-14,79.0,1039.0,271.925,102.0,2.0,2.0
2017-01-15,86.0,1027.5,271.855,305.0,2.0,3.0
2017-01-16,73.0,1030.5,271.29,235.0,2.0,3.0
2017-01-17,64.0,1024.0,276.41499999999996,210.0,2.0,3.0
2017-01-18,93.0,1014.0,276.44,55.0,3.0,3.0
2017-01-19,86.0,1017.0,277.005,320.0,2.0,3.0
2017-01-20,92.0,1017.0,277.5,65.5,1.0,3.0
2017-01-21,93.0,1013.0,278.51,215.0,2.0,3.0
2017-01-22,93.0,1007.0,280.0,75.0,2.0,-99.0
2017-01-23,81.0,1009.0,278.57,80.0,7.5,3.0
2017-01-24,93.0,1000.5,275.92,45.0,6.0,4.0
2017-01-25,97.0,1007.0,277.0245,313.0,6.0,2.0
2017-01-26,76.0,997.5,279.185,203.0,2.0,3.0
2017-01-27,51.5,1003.0,278.265,270.0,6.5,1.0
2017-01-28,59.0,1004.5,275.48,260.0,5.0,1.0
2017-01-29,57.0,1006.0,275.145,250.0,3.0,1.0
2017-01-30,54.0,1008.0,273.185,310.0,2.0,1.0
2017-01-31,79.5,1014.0,270.86,186.0,2.0,1.0
2017-02-01,86.0,1012.5,273.96500000000003,260.0,3.5,3.0
2017-02-02,56.0,1018.0,276.125,290.0,4.0,1.0
2017-02-03,49.5,1023.0,271.9,293.5,3.0,1.0
2017-02-04,46.0,1026.0,270.475,295.0,4.0,1.5
2017-02-05,51.0,1020.0,271.83500000000004,240.0,3.0,1.0
2017-02-06,42.5,1018.0,277.23,275.0,3.0,1.0
2017-02-07,90.0,1014.0,275.95,130.5,3.0,3.0
2017-02-08,93.0,1003.5,276.395,192.5,4.0,1.0
2017-02-09,62.0,1003.5,272.145,180.0,6.0,1.0
2017-02-10,48.0,1022.5,266.725,280.0,5.0,5.0
2017-02-11,68.5,1015.0,272.96000000000004,216.0,3.0,1.0
2017-02-12,92.0,1018.0,274.315,54.0,3.0,3.0
2017-02-13,74.0,1006.0,274.71500000000003,305.0,6.0,3.5
2017-02-14,100.0,1024.0,271.242,282.0,3.0,2.0
2017-02-15,95.0,1011.0,271.754,205.5,2.0,1.5
2017-02-16,97.5,1009.0,272.496,299.0,5.0,2.0
2017-02-17,100.0,1020.0,270.8145,292.0,4.0,2.0
2017-02-18,90.0,1021.0,271.5845,226.0,2.5,2.0
2017-02-19,87.5,1019.0,279.2525,264.0,3.0,1.5
2017-02-20,91.0,1031.0,277.84,319.0,3.0,2.0
2017-02-21,84.0,1038.0,274.5010833335,54.0,2.5,2.0
2017-02-22,75.0,1018.0,279.365,204.0,1.0,1.5
2017-02-23,85.0,1012.0,281.15,203.0,2.0,3.0
2017-02-24,82.0,1013.0,285.93,196.0,2.0,1.0
2017-02-25,82.0,1008.0,288.41499999999996,165.0,3.0,1.5
2017-02-26,51.0,1012.0,277.745,310.0,5.0,1.0
2017-02-27,41.5,1028.0,275.08500000000004,252.0,3.0,2.0
2017-02-28,75.5,1028.0,280.445,125.0,2.0,1.0
2017-03-01,87.0,1009.5,285.59000000000003,170.0,3.0,3.0
2017-03-02,44.0,1000.5,282.775,270.0,7.5,1.0
2017-03-03,32.0,1022.5,274.62,300.0,7.0,1.5
2017-03-04,42.0,1032.0,269.65,310.0,10.0,1.0
2017-03-05,32.0,1037.0,266.05,320.0,7.0,2.0
2017-03-06,31.5,1034.0,270.53,50.0,2.5,1.0
2017-03-07,70.0,1028.0,278.205,170.0,4.0,3.0
2017-03-08,73.0,1015.0,283.33,210.0,4.0,3.0
2017-03-09,20.0,1013.0,285.685,260.0,6.5,2.0
2017-03-10,46.0,1012.0,276.075,325.0,5.0,1.0
2017-03-11,41.5,1020.5,268.42499999999995,310.0,7.0,2.0
2017-03-12,48.0,1026.0,268.32500000000005,311.0,5.0,1.0
2017-03-13,35.0,1031.0,269.37,320.0,3.0,2.0
2017-03-14,92.0,1009.5,271.46500000000003,70.0,7.0,2.0
2017-03-15,57.0,1003.0,268.005,305.0,8.0,3.0
2017-03-16,49.0,1014.0,269.645,290.0,6.0,2.0
2017-03-17,37.0,1023.0,274.175,295.0,4.0,2.0
2017-03-18,63.5,1023.0,274.78,95.0,3.0,2.0
2017-03-19,64.0,1022.0,275.34000000000003,50.0,4.0,2.0
2017-03-20,38.0,1021.0,276.505,338.5,3.0,2.0
2017-03-21,41.0,1014.0,280.195,283.5,2.0,1.0
2017-03-22,38.5,1015.5,276.48,330.0,6.5,2.0
2017-03-23,29.5,1034.0,270.22,330.0,3.0,2.0
2017-03-24,53.0,1033.0,275.78,216.0,3.0,2.0
2017-03-25,60.0,1021.0,282.46500000000003,222.0,3.0,3.0
2017-03-26,75.0,1030.0,277.96000000000004,100.0,5.0,3.0
2017-03-27,93.0,1020.5,277.3,110.0,3.0,3.0
2017-03-28,87.0,1015.0,280.32,50.0,2.5,-99.0
2017-03-29,78.0,1017.0,280.655,195.0,3.5,2.0
2017-03-30,40.5,1023.0,279.905,185.0,3.0,3.0
2017-03-31,86.0,1019.0,277.53999999999996,115.0,3.5,3.0
2017-04-01,86.0,1008.0,277.0,60.0,6.0,3.5
2017-04-02,65.0,1018.0,280.385,330.0,4.0,1.0
2017-04-03,46.5,1019.0,284.95500000000004,260.0,1.0,1.0
2017-04-04,87.0,1003.0,283.15,95.0,3.5,3.0
2017-04-05,81.0,1011.5,282.425,75.0,2.0,2.5
2017-04-06,87.0,1009.5,280.11,105.0,5.5,2.5
2017-04-07,67.5,993.0,281.29999999999995,255.0,5.0,1.5
2017-04-08,46.5,1008.0,278.47,310.0,7.0,1.0
2017-04-09,31.5,1019.5,282.935,276.5,2.5,2.0
2017-04-10,33.5,1022.0,286.44,217.0,3.0,2.0
2017-04-11,40.0,1020.0,292.44,217.0,3.0,2.0
2017-04-12,59.0,1020.0,291.495,260.0,2.0,1.5
2017-04-13,38.5,1026.0,286.94,324.5,3.0,1.0
2017-04-14,32.5,1028.0,285.41499999999996,180.0,3.0,1.0
2017-04-15,47.0,1028.5,285.475,180.0,3.0,1.0
2017-04-16,69.5,1015.5,289.345,220.0,4.0,3.0
2017-04-17,48.5,1013.0,293.155,305.0,5.5,1.0
2017-04-18,37.0,1026.5,287.605,170.0,5.5,1.0
2017-04-19,63.5,1033.0,282.605,130.0,5.0,1.0
2017-04-20,76.0,1020.0,283.615,60.0,3.0,3.0
2017-04-21,81.0,1015.0,284.45,50.0,5.0,3.5
2017-04-22,87.0,1014.0,284.08000000000004,50.0,3.0,3.5
2017-04-23,55.5,1018.0,284.405,175.0,3.0,1.0
2017-04-24,66.0,1020.0,284.29499999999996,70.0,3.0,1.0
2017-04-25,87.0,1019.0,285.19,55.0,7.5,3.0
2017-04-26,90.0,1008.0,285.225,50.0,5.0,3.0
2017-04-27,87.0,1012.0,288.66999999999996,85.0,2.0,3.0
2017-04-28,87.0,1014.0,289.115,120.0,2.0,3.0
2017-04-29,46.5,1015.5,294.385,215.0,4.0,1.0
2017-04-30,47.5,1023.0,289.13,120.0,5.0,1.0
2017-05-01,76.5,1016.5,284.605,50.0,4.0,3.0
2017-05-02,68.0,1002.0,293.83500000000004,185.0,5.0,1.0
2017-05-03,37.0,1010.5,289.11,300.0,6.0,1.0
2017-05-04,39.0,1024.0,285.875,160.0,4.0,2.0
2017-05-05,87.0,1013.0,284.685,120.0,4.0,3.0
2017-05-06,90.5,995.5,289.22,165.5,3.0,3.0
2017-05-07,66.0,1003.0,284.57000000000005,270.0,4.0,3.0
2017-05-08,61.0,1012.0,282.03,296.5,4.0,1.0
2017-05-09,53.0,1014.0,283.515,305.0,3.0,1.0
2017-05-10,53.0,1016.0,284.875,130.0,2.0,2.0
2017-05-11,56.0,1016.5,284.78999999999996,145.0,2.0,3.0
2017-05-12,62.0,1017.0,285.20500000000004,139.0,2.0,2.0
2017-05-13,87.0,1014.0,283.49,100.0,4.0,3.0
2017-05-14,76.0,1007.0,281.875,310.0,4.0,3.0
2017-05-15,52.5,1005.5,287.39,320.0,6.0,1.0
2017-05-16,46.5,1015.0,290.77,300.0,3.0,2.0
2017-05-17,42.5,1016.0,294.07,255.0,2.5,2.0
2017-05-18,51.0,1013.5,299.775,250.0,3.5,2.0
2017-05-19,51.0,1011.5,301.395,270.0,3.0,2.0
2017-05-20,51.5,1023.5,289.70000000000005,70.0,4.0,2.0
2017-05-21,62.5,1027.0,287.36,150.0,2.0,2.0
2017-05-22,82.0,1022.0,286.95,145.5,2.0,3.0
2017-05-23,79.5,1014.0,288.85,69.0,2.0,1.0
2017-05-24,63.0,1008.0,289.21,125.0,2.0,2.0
2017-05-25,87.0,1006.0,287.185,80.0,4.0,2.5
2017-05-26,93.0,1000.5,287.61,290.0,3.5,3.0
2017-05-27,63.0,1012.0,292.615,297.0,2.0,1.0
2017-05-28,82.0,1013.0,291.505,125.0,1.5,3.0
2017-05-29,87.0,1014.0,287.375,70.0,3.0,4.0
2017-05-30,87.0,1020.0,286.91499999999996,140.0,3.0,3.0
2017-05-31,90.5,1017.5,287.765,130.0,2.0,3.0
2017-06-01,77.5,1014.0,292.005,243.0,2.0,3.0
2017-06-02,36.0,1014.5,292.6,290.0,2.0,2.0
2017-06-03,38.5,1015.0,289.895,315.0,3.5,2.0
2017-06-04,49.0,1016.0,290.22,239.0,2.0,2.0
2017-06-05,84.5,1008.0,289.57,70.0,1.5,3.0
2017-06-06,87.0,1007.0,286.89,90.0,3.5,4.0
2017-06-07,71.0,1015.0,285.83500000000004,40.5,3.0,1.0
2017-06-08,59.5,1016.0,290.025,160.0,2.0,2.0
2017-06-09,53.0,1008.0,288.95000000000005,275.0,2.0,2.0
2017-06-10,43.5,1014.0,295.1,270.0,2.0,2.0
2017-06-11,46.5,1017.0,298.775,275.0,2.0,2.0
2017-06-12,42.5,1016.0,300.525,275.0,2.0,2.0
2017-06-13,44.0,1014.0,301.315,270.0,2.0,2.0
2017-06-14,58.0,1014.5,299.08000000000004,75.0,3.0,3.0
2017-06-15,53.0,1017.0,294.085,141.5,2.5,2.0
2017-06-16,82.0,1016.0,291.83500000000004,110.0,3.0,2.5
2017-06-17,90.5,1014.0,292.06,55.0,3.0,3.0
2017-06-18,94.0,1012.0,295.53499999999997,175.0,2.0,1.0
2017-06-19,78.0,1010.0,299.1,210.0,3.5,3.0
2017-06-20,85.5,1012.0,295.055,255.0,4.0,2.5
2017-06-21,48.5,1014.0,297.03,275.0,3.5,2.0
2017-06-22,52.0,1015.0,296.43,175.0,2.0,2.0
2017-06-23,69.0,1010.0,299.1,250.0,2.0,2.5
2017-06-24,74.0,1004.0,298.26,290.0,3.5,3.0
2017-06-25,47.0,1014.0,297.75,275.0,2.0,1.5
2017-06-26,42.0,1016.0,295.32,290.0,3.0,1.5
2017-06-27,49.0,1016.0,292.325,248.0,2.0,2.0
2017-06-28,49.0,1019.0,292.53499999999997,301.0,2.0,2.0
2017-06-29,49.5,1020.0,295.765,220.0,3.0,1.0
2017-06-30,58.5,1016.0,297.24,215.5,4.0,2.0
2017-07-01,69.5,1014.0,298.995,200.0,4.0,3.0
2017-07-02,91.0,1014.0,295.97805560899997,270.0,2.0,2.0
2017-07-03,49.5,1015.0,299.33000000000004,275.0,3.0,2.5
2017-07-04,50.0,1017.0,296.83500000000004,167.0,1.0,1.5
2017-07-05,48.5,1021.5,296.54,128.0,3.0,2.0
2017-07-06,66.5,1021.0,295.29,140.0,3.0,3.0
2017-07-07,78.0,1009.5,294.9,50.0,3.0,2.0
2017-07-08,71.0,1007.0,296.375,225.0,3.0,3.0
2017-07-09,58.0,1015.5,296.48,316.5,2.5,1.0
2017-07-10,53.5,1018.0,295.3912162285,212.0,2.5,2.0
2017-07-11,74.0,1014.0,297.95,199.0,4.0,3.0
2017-07-12,65.0,1015.0,299.305,275.0,3.0,2.0
2017-07-13,65.5,1015.0,299.805,285.0,4.0,3.0
2017-07-14,88.0,1017.0,293.765,75.0,3.0,3.0
2017-07-15,94.0,1014.0,293.99,305.0,2.0,1.0
2017-07-16,59.0,1014.0,296.28499999999997,320.0,1.5,2.0
2017-07-17,69.0,1017.5,297.24,173.0,2.0,2.0
2017-07-18,73.5,1019.0,297.75,181.5,2.0,3.0
2017-07-19,67.0,1018.0,300.31,198.0,2.0,2.0
2017-07-20,56.0,1016.0,301.78,233.0,1.0,2.0
2017-07-21,65.0,1013.0,299.42,120.0,2.0,2.5
2017-07-22,54.0,1012.0,301.095,0.0,2.0,2.0
2017-07-23,85.5,1009.0,297.495,61.5,2.0,3.0
2017-07-24,80.0,1011.5,294.065,20.0,3.0,3.0
2017-07-25,77.0,1018.0,291.43,0.0,2.0,3.0
2017-07-26,70.0,1024.0,293.375,60.0,2.0,1.0
2017-07-27,75.0,1019.0,293.86,173.0,2.0,2.0
2017-07-28,83.0,1012.0,296.73,40.0,1.0,2.0
2017-07-29,56.0,1010.0,295.985,50.0,4.0,1.0
2017-07-30,49.0,1016.0,294.645,0.0,2.0,2.0
2017-07-31,52.0,1019.0,295.095,191.0,1.0,2.0
2017-08-01,57.0,1018.0,298.405,183.0,1.0,2.0
2017-08-02,69.0,1018.0,296.94,188.5,2.0,3.0
2017-08-03,83.0,1020.0,294.255,155.0,1.0,2.0
2017-08-04,74.0,1018.0,297.145,170.0,2.0,3.0
2017-08-05,83.0,1012.5,296.77,180.0,2.5,1.0
2017-08-06,53.0,1019.5,293.49,0.0,2.0,2.0
2017-08-07,66.0,1020.0,292.3,198.5,2.0,3.0
2017-08-08,93.0,1014.5,292.235,44.5,3.0,3.0
2017-08-09,56.0,1022.5,295.03,285.0,1.0,2.0
2017-08-10,58.5,1024.0,295.83,171.5,1.0,2.0
2017-08-11,56.5,1022.0,296.025,170.0,2.0,2.0
2017-08-12,78.0,1015.0,295.225,181.5,2.0,3.0
2017-08-13,80.5,1012.5,296.315,281.0,2.0,2.0
2017-08-14,66.5,1017.0,296.585,66.5,1.0,2.0
2017-08-15,88.0,1014.0,295.58500000000004,146.0,1.0,3.0
2017-08-16,88.0,1015.0,295.545,286.0,1.0,2.0
2017-08-17,57.0,1017.0,296.55,115.0,2.0,2.0
2017-08-18,88.0,1012.0,296.775,185.0,3.0,3.0
2017-08-19,88.0,1010.0,296.92999999999995,274.5,2.0,2.0
2017-08-20,60.5,1017.0,297.945,290.0,3.0,2.0
2017-08-21,59.5,1022.0,296.99,236.0,2.0,2.0
2017-08-22,76.0,1017.0,298.31,216.0,2.0,3.0
2017-08-23,60.0,1010.0,297.96000000000004,262.0,3.0,2.0
2017-08-24,47.5,1014.0,294.80499999999995,290.0,2.0,2.0
2017-08-25,51.0,1019.0,293.335,160.0,2.0,2.0
2017-08-26,49.0,1024.0,293.605,23.5,2.0,2.0
2017-08-27,50.5,1025.0,291.66999999999996,28.5,2.0,2.0
2017-08-28,60.0,1026.0,292.595,65.0,2.5,2.0
2017-08-29,68.0,1024.0,290.985,70.0,4.0,2.0
2017-08-30,82.0,1016.0,290.185,10.0,3.0,2.0
2017-08-31,60.0,1014.0,294.03,254.5,2.0,2.0
2017-09-01,49.5,1019.0,291.78,265.0,2.5,2.0
2017-09-02,54.0,1023.0,289.06,0.0,2.0,2.0
2017-09-03,93.0,1015.0,288.995,105.0,3.0,3.5
2017-09-04,74.5,1014.0,291.855,95.0,2.0,2.0
2017-09-05,66.5,1010.5,295.41499999999996,190.0,2.0,2.0
2017-09-06,85.5,1012.0,293.105,198.0,3.0,3.0
2017-09-07,87.0,1013.0,289.78499999999997,143.0,3.0,2.0
2017-09-08,55.0,1019.5,291.37,260.0,3.0,2.0
2017-09-09,59.0,1024.0,290.235,306.0,3.0,2.0
2017-09-10,63.0,1027.0,288.78,65.0,3.0,2.0
2017-09-11,57.0,1027.5,289.43,20.0,2.0,2.0
2017-09-12,53.5,1018.0,291.28499999999997,268.0,1.0,2.0
2017-09-13,70.5,1013.0,293.05,244.0,2.0,2.0
2017-09-14,88.0,1012.0,295.01,201.5,2.0,3.0
2017-09-15,69.0,1017.5,296.325,217.0,1.0,1.5
2017-09-16,78.0,1020.5,295.435,61.0,1.0,3.0
2017-09-17,83.0,1022.0,294.23,120.0,1.0,-49.0
2017-09-18,83.0,1021.0,293.735,20.0,2.0,3.0
2017-09-19,83.0,1017.0,294.825,60.0,4.0,3.0
2017-09-20,73.0,1012.0,295.06,20.0,3.0,1.0
2017-09-21,68.0,1016.5,296.155,0.0,2.0,2.0
2017-09-22,46.0,1017.0,295.105,0.0,3.0,2.0
2017-09-23,49.0,1017.0,296.325,0.0,3.0,2.0
2017-09-24,52.0,1018.0,296.89,101.0,1.0,2.0
2017-09-25,61.0,1018.0,296.68,93.5,1.0,2.0
2017-09-26,75.5,1018.0,294.815,67.5,1.0,2.0
2017-09-27,78.0,1014.5,295.395,60.0,2.0,2.0
2017-09-28,66.5,1009.0,296.45,24.0,2.0,2.0
2017-09-29,48.0,1017.0,289.74,255.0,2.0,2.0
2017-09-30,63.0,1018.5,287.62,215.0,2.0,2.0
2017-10-01,71.0,1028.0,285.925,45.0,2.0,1.5
2017-10-02,51.0,1029.0,286.74,52.5,2.0,2.0
2017-10-03,63.0,1036.0,287.79499999999996,119.0,2.0,2.0
2017-10-04,65.5,1032.0,287.07500000000005,218.0,2.0,2.0
2017-10-05,64.0,1022.0,292.38,0.0,3.0,1.0
2017-10-06,70.5,1019.0,295.51,245.0,2.0,2.0
2017-10-07,78.0,1019.5,293.565,114.0,1.5,2.0
2017-10-08,83.0,1015.0,295.87,0.0,3.0,2.0
2017-10-09,94.0,1016.0,295.99,0.0,2.0,3.0
2017-10-10,77.0,1017.0,296.66499999999996,289.0,2.0,2.0
2017-10-11,66.0,1020.0,292.64,55.0,2.0,2.0
2017-10-12,79.5,1026.5,289.48,70.0,4.0,3.0
2017-10-13,69.5,1030.5,286.725,55.0,3.0,1.0
2017-10-14,82.0,1025.0,290.275,50.0,2.0,3.0
2017-10-15,77.0,1019.0,292.58500000000004,176.0,2.0,1.0
2017-10-16,62.0,1014.0,288.36,235.5,3.0,2.0
2017-10-17,52.5,1025.5,282.56,0.0,2.0,2.0
2017-10-18,53.5,1026.0,283.06,95.0,2.0,2.0
2017-10-19,55.0,1025.0,287.63,215.0,2.0,2.0
2017-10-20,48.0,1020.0,289.265,262.5,3.0,2.0
2017-10-21,36.0,1026.5,287.83,252.5,1.0,2.0
2017-10-22,51.0,1029.0,287.595,193.5,1.0,2.0
2017-10-23,75.0,1027.0,289.105,160.0,2.0,2.0
2017-10-24,83.0,1012.0,294.19,167.0,6.0,3.0
2017-10-25,76.5,1007.0,290.23,278.0,2.0,3.0
2017-10-26,54.0,1006.0,286.075,271.0,3.0,2.0
2017-10-27,55.5,1018.5,283.765,0.0,2.0,2.0
2017-10-28,58.0,1020.0,284.98,0.0,2.0,2.0
2017-10-29,58.0,1020.0,284.98,0.0,2.0,2.0
2017-10-30,58.0,1020.0,284.98,0.0,2.0,2.0
2017-10-31,58.0,1020.0,284.98,0.0,2.0,2.0
2017-11-01,58.0,1020.0,284.98,0.0,2.0,2.0
2017-11-02,58.0,1020.0,284.98,0.0,2.0,2.0
2017-11-03,58.0,1020.0,284.98,0.0,2.0,2.0
2017-11-04,58.0,1020.0,284.98,0.0,2.0,2.0
2017-11-05,58.0,1020.0,284.98,0.0,2.0,2.0
2017-11-06,58.0,1020.0,284.98,0.0,2.0,2.0
2017-11-07,58.0,1020.0,284.98,0.0,2.0,2.0
2017-11-08,58.0,1020.0,284.98,0.0,2.0,2.0
2017-11-09,58.0,1020.0,284.98,0.0,2.0,2.0
2017-11-10,58.0,1020.0,284.98,0.0,2.0,2.0
2017-11-11,58.0,1020.0,284.98,0.0,2.0,2.0
2017-11-12,58.0,1020.0,284.98,0.0,2.0,2.0
2017-11-13,58.0,1020.0,284.98,0.0,2.0,2.0
2017-11-14,58.0,1020.0,284.98,0.0,2.0,2.0
2017-11-15,58.0,1020.0,284.98,0.0,2.0,2.0
2017-11-16,58.0,1020.0,284.98,0.0,2.0,2.0
2017-11-17,58.0,1020.0,284.98,0.0,2.0,2.0
2017-11-18,58.0,1020.0,284.98,0.0,2.0,2.0
2017-11-19,58.0,1020.0,284.98,0.0,2.0,2.0
2017-11-20,58.0,1020.0,284.98,0.0,2.0,2.0
2017-11-21,58.0,1020.0,284.98,0.0,2.0,2.0
2017-11-22,58.0,1020.0,284.98,0.0,2.0,2.0
2017-11-23,58.0,1020.0,284.98,0.0,2.0,2.0
2017-11-24,58.0,1020.0,284.98,0.0,2.0,2.0
2017-11-25,58.0,1020.0,284.98,0.0,2.0,2.0
2017-11-26,58.0,1020.0,284.98,0.0,2.0,2.0
2017-11-27,58.0,1020.0,284.98,0.0,2.0,2.0
2017-11-28,58.0,1020.0,284.98,0.0,2.0,2.0
2017-11-29,58.0,1020.0,284.98,0.0,2.0,2.0
2017-11-30,58.0,1020.0,284.98,0.0,2.0,2.0
